Id,Remark,Name,Icon,Desc,Type,TypeNum,备注,Synthesis,MaxNum,Shop,CurrencyType,Value,PurchaseRestriction,Quality
400000,星野休憩徽章,400000Name,,400000Text,11,,,,999,,1,0,,1
400001,晚风橘绘徽章,400001Name,,400001Text,11,,,,999,,1,0,,1
400002,窗边白笺徽章,400002Name,,400002Text,11,,,,999,,1,0,,1
400003,青空信约徽章,400003Name,,400003Text,11,,,,999,,1,0,,1
400004,樱花私语徽章,400004Name,,400004Text,11,,,,999,,1,0,,1
400005,星轨魔导徽章,400005Name,,400005Text,11,,,,999,,1,0,,1
400006,雾境魔女徽章,400006Name,,400006Text,11,,,,999,,1,0,,1
400007,月光咒印徽章,400007Name,,400007Text,11,,,,999,,1,0,,1
400008,冰晶灵使徽章,400008Name,,400008Text,11,,,,999,,1,0,,1
400009,云间神谕徽章,400009Name,,400009Text,11,,,,999,,1,0,,1
400010,课间碎光徽章,400010Name,,400010Text,11,,,,999,,1,0,,1
400011,校服晚风徽章,400011Name,,400011Text,11,,,,999,,1,0,,1
400012,操场落日徽章,400012Name,,400012Text,11,,,,999,,1,0,,1
400013,图书馆秘思徽章,400013Name,,400013Text,11,,,,999,,1,0,,1
400014,天台告白徽章,400014Name,,400014Text,11,,,,999,,1,0,,1
400015,月下青衫徽章,400015Name,,400015Text,11,,,,999,,1,0,,1
400016,桃枝执扇徽章,400016Name,,400016Text,11,,,,999,,1,0,,1
400017,山河辞赋徽章,400017Name,,400017Text,11,,,,999,,1,0,,1
400018,云袖清欢徽章,400018Name,,400018Text,11,,,,999,,1,0,,1
400019,灯影红笺徽章,400019Name,,400019Text,11,,,,999,,1,0,,1
400020,霓虹战姬徽章,400020Name,,400020Text,11,,,,999,,1,0,,2
400021,深空巡卫徽章,400021Name,,400021Text,11,,,,999,,1,0,,2
400022,机甲星旅徽章,400022Name,,400022Text,11,,,,999,,1,0,,2
400023,雨夜刃影徽章,400023Name,,400023Text,11,,,,999,,1,0,,2
400024,虚空战歌徽章,400024Name,,400024Text,11,,,,999,,1,0,,2
400025,猫屿午后徽章,400025Name,,400025Text,11,,,,999,,1,0,,2
400026,雪落狐踪徽章,400026Name,,400026Text,11,,,,999,,1,0,,2
400027,深海人鱼徽章,400027Name,,400027Text,11,,,,999,,1,0,,2
400028,林间萤火徽章,400028Name,,400028Text,11,,,,999,,1,0,,2
400029,浅海碎浪徽章,400029Name,,400029Text,11,,,,999,,1,0,,3
401000,星野休憩画册,401000Name,,401000Text,11,,,,999,,1,0,,1
401001,晚风橘绘画册,401001Name,,401001Text,11,,,,999,,1,0,,1
401002,窗边白笺画册,401002Name,,401002Text,11,,,,999,,1,0,,1
401003,青空信约画册,401003Name,,401003Text,11,,,,999,,1,0,,1
401004,樱花私语画册,401004Name,,401004Text,11,,,,999,,1,0,,1
401005,星轨魔导画册,401005Name,,401005Text,11,,,,999,,1,0,,1
401006,雾境魔女画册,401006Name,,401006Text,11,,,,999,,1,0,,1
401007,月光咒印画册,401007Name,,401007Text,11,,,,999,,1,0,,1
401008,冰晶灵使画册,401008Name,,401008Text,11,,,,999,,1,0,,1
401009,云间神谕画册,401009Name,,401009Text,11,,,,999,,1,0,,1
401010,课间碎光画册,401010Name,,401010Text,11,,,,999,,1,0,,1
401011,校服晚风画册,401011Name,,401011Text,11,,,,999,,1,0,,1
401012,操场落日画册,401012Name,,401012Text,11,,,,999,,1,0,,2
401013,图书馆秘思画册,401013Name,,401013Text,11,,,,999,,1,0,,2
401014,天台告白画册,401014Name,,401014Text,11,,,,999,,1,0,,2
401015,月下青衫画册,401015Name,,401015Text,11,,,,999,,1,0,,2
401016,桃枝执扇画册,401016Name,,401016Text,11,,,,999,,1,0,,2
401017,山河辞赋画册,401017Name,,401017Text,11,,,,999,,1,0,,2
401018,云袖清欢画册,401018Name,,401018Text,11,,,,999,,1,0,,2
401019,灯影红笺画册,401019Name,,401019Text,11,,,,999,,1,0,,2
401020,霓虹战姬画册,401020Name,,401020Text,11,,,,999,,1,0,,2
401021,深空巡卫画册,401021Name,,401021Text,11,,,,999,,1,0,,2
401022,机甲星旅画册,401022Name,,401022Text,11,,,,999,,1,0,,2
401023,雨夜刃影画册,401023Name,,401023Text,11,,,,999,,1,0,,2
401024,虚空战歌画册,401024Name,,401024Text,11,,,,999,,1,0,,2
401025,猫屿午后画册,401025Name,,401025Text,11,,,,999,,1,0,,2
401026,雪落狐踪画册,401026Name,,401026Text,11,,,,999,,1,0,,3
401027,深海人鱼画册,401027Name,,401027Text,11,,,,999,,1,0,,3
401028,林间萤火画册,401028Name,,401028Text,11,,,,999,,1,0,,3
401029,浅海碎浪画册,401029Name,,401029Text,11,,,,999,,1,0,,3
402000,星野休憩抱枕,402000Name,,402000Text,11,,,,999,,1,0,,2
402001,晚风橘绘抱枕,402001Name,,402001Text,11,,,,999,,1,0,,2
402002,窗边白笺抱枕,402002Name,,402002Text,11,,,,999,,1,0,,2
402003,青空信约抱枕,402003Name,,402003Text,11,,,,999,,1,0,,2
402004,樱花私语抱枕,402004Name,,402004Text,11,,,,999,,1,0,,2
402005,星轨魔导抱枕,402005Name,,402005Text,11,,,,999,,1,0,,2
402006,雾境魔女抱枕,402006Name,,402006Text,11,,,,999,,1,0,,2
402007,月光咒印抱枕,402007Name,,402007Text,11,,,,999,,1,0,,2
402008,冰晶灵使抱枕,402008Name,,402008Text,11,,,,999,,1,0,,2
402009,云间神谕抱枕,402009Name,,402009Text,11,,,,999,,1,0,,2
402010,课间碎光抱枕,402010Name,,402010Text,11,,,,999,,1,0,,2
402011,校服晚风抱枕,402011Name,,402011Text,11,,,,999,,1,0,,2
402012,操场落日抱枕,402012Name,,402012Text,11,,,,999,,1,0,,2
402013,图书馆秘思抱枕,402013Name,,402013Text,11,,,,999,,1,0,,2
402014,天台告白抱枕,402014Name,,402014Text,11,,,,999,,1,0,,2
402015,月下青衫抱枕,402015Name,,402015Text,11,,,,999,,1,0,,2
402016,桃枝执扇抱枕,402016Name,,402016Text,11,,,,999,,1,0,,2
402017,山河辞赋抱枕,402017Name,,402017Text,11,,,,999,,1,0,,2
402018,云袖清欢抱枕,402018Name,,402018Text,11,,,,999,,1,0,,2
402019,灯影红笺抱枕,402019Name,,402019Text,11,,,,999,,1,0,,2
402020,霓虹战姬抱枕,402020Name,,402020Text,11,,,,999,,1,0,,3
402021,深空巡卫抱枕,402021Name,,402021Text,11,,,,999,,1,0,,3
402022,机甲星旅抱枕,402022Name,,402022Text,11,,,,999,,1,0,,3
402023,雨夜刃影抱枕,402023Name,,402023Text,11,,,,999,,1,0,,3
402024,虚空战歌抱枕,402024Name,,402024Text,11,,,,999,,1,0,,3
402025,猫屿午后抱枕,402025Name,,402025Text,11,,,,999,,1,0,,3
402026,雪落狐踪抱枕,402026Name,,402026Text,11,,,,999,,1,0,,3
402027,深海人鱼抱枕,402027Name,,402027Text,11,,,,999,,1,0,,3
402028,林间萤火抱枕,402028Name,,402028Text,11,,,,999,,1,0,,3
402029,浅海碎浪抱枕,402029Name,,402029Text,11,,,,999,,1,0,,4
403000,星野休憩毯子,403000Name,,403000Text,11,,,,999,,1,0,,2
403001,晚风橘绘毯子,403001Name,,403001Text,11,,,,999,,1,0,,2
403002,窗边白笺毯子,403002Name,,403002Text,11,,,,999,,1,0,,2
403003,青空信约毯子,403003Name,,403003Text,11,,,,999,,1,0,,2
403004,樱花私语毯子,403004Name,,403004Text,11,,,,999,,1,0,,2
403005,星轨魔导毯子,403005Name,,403005Text,11,,,,999,,1,0,,2
403006,雾境魔女毯子,403006Name,,403006Text,11,,,,999,,1,0,,2
403007,月光咒印毯子,403007Name,,403007Text,11,,,,999,,1,0,,2
403008,冰晶灵使毯子,403008Name,,403008Text,11,,,,999,,1,0,,2
403009,云间神谕毯子,403009Name,,403009Text,11,,,,999,,1,0,,2
403010,课间碎光毯子,403010Name,,403010Text,11,,,,999,,1,0,,2
403011,校服晚风毯子,403011Name,,403011Text,11,,,,999,,1,0,,2
403012,操场落日毯子,403012Name,,403012Text,11,,,,999,,1,0,,3
403013,图书馆秘思毯子,403013Name,,403013Text,11,,,,999,,1,0,,3
403014,天台告白毯子,403014Name,,403014Text,11,,,,999,,1,0,,3
403015,月下青衫毯子,403015Name,,403015Text,11,,,,999,,1,0,,3
403016,桃枝执扇毯子,403016Name,,403016Text,11,,,,999,,1,0,,3
403017,山河辞赋毯子,403017Name,,403017Text,11,,,,999,,1,0,,3
403018,云袖清欢毯子,403018Name,,403018Text,11,,,,999,,1,0,,3
403019,灯影红笺毯子,403019Name,,403019Text,11,,,,999,,1,0,,3
403020,霓虹战姬毯子,403020Name,,403020Text,11,,,,999,,1,0,,3
403021,深空巡卫毯子,403021Name,,403021Text,11,,,,999,,1,0,,3
403022,机甲星旅毯子,403022Name,,403022Text,11,,,,999,,1,0,,3
403023,雨夜刃影毯子,403023Name,,403023Text,11,,,,999,,1,0,,3
403024,虚空战歌毯子,403024Name,,403024Text,11,,,,999,,1,0,,3
403025,猫屿午后毯子,403025Name,,403025Text,11,,,,999,,1,0,,3
403026,雪落狐踪毯子,403026Name,,403026Text,11,,,,999,,1,0,,4
403027,深海人鱼毯子,403027Name,,403027Text,11,,,,999,,1,0,,4
403028,林间萤火毯子,403028Name,,403028Text,11,,,,999,,1,0,,4
403029,浅海碎浪毯子,403029Name,,403029Text,11,,,,999,,1,0,,4
404000,星野休憩立牌,404000Name,,404000Text,11,,,,999,,1,0,,1
404001,晚风橘绘立牌,404001Name,,404001Text,11,,,,999,,1,0,,1
404002,窗边白笺立牌,404002Name,,404002Text,11,,,,999,,1,0,,1
404003,青空信约立牌,404003Name,,404003Text,11,,,,999,,1,0,,1
404004,樱花私语立牌,404004Name,,404004Text,11,,,,999,,1,0,,1
404005,星轨魔导立牌,404005Name,,404005Text,11,,,,999,,1,0,,1
404006,雾境魔女立牌,404006Name,,404006Text,11,,,,999,,1,0,,1
404007,月光咒印立牌,404007Name,,404007Text,11,,,,999,,1,0,,1
404008,冰晶灵使立牌,404008Name,,404008Text,11,,,,999,,1,0,,1
404009,云间神谕立牌,404009Name,,404009Text,11,,,,999,,1,0,,1
404010,课间碎光立牌,404010Name,,404010Text,11,,,,999,,1,0,,1
404011,校服晚风立牌,404011Name,,404011Text,11,,,,999,,1,0,,1
404012,操场落日立牌,404012Name,,404012Text,11,,,,999,,1,0,,1
404013,图书馆秘思立牌,404013Name,,404013Text,11,,,,999,,1,0,,1
404014,天台告白立牌,404014Name,,404014Text,11,,,,999,,1,0,,1
404015,月下青衫立牌,404015Name,,404015Text,11,,,,999,,1,0,,1
404016,桃枝执扇立牌,404016Name,,404016Text,11,,,,999,,1,0,,1
404017,山河辞赋立牌,404017Name,,404017Text,11,,,,999,,1,0,,1
404018,云袖清欢立牌,404018Name,,404018Text,11,,,,999,,1,0,,1
404019,灯影红笺立牌,404019Name,,404019Text,11,,,,999,,1,0,,1
404020,霓虹战姬立牌,404020Name,,404020Text,11,,,,999,,1,0,,2
404021,深空巡卫立牌,404021Name,,404021Text,11,,,,999,,1,0,,2
404022,机甲星旅立牌,404022Name,,404022Text,11,,,,999,,1,0,,2
404023,雨夜刃影立牌,404023Name,,404023Text,11,,,,999,,1,0,,2
404024,虚空战歌立牌,404024Name,,404024Text,11,,,,999,,1,0,,2
404025,猫屿午后立牌,404025Name,,404025Text,11,,,,999,,1,0,,2
404026,雪落狐踪立牌,404026Name,,404026Text,11,,,,999,,1,0,,2
404027,深海人鱼立牌,404027Name,,404027Text,11,,,,999,,1,0,,2
404028,林间萤火立牌,404028Name,,404028Text,11,,,,999,,1,0,,2
404029,浅海碎浪立牌,404029Name,,404029Text,11,,,,999,,1,0,,3
405000,星野休憩明信片,405000Name,,405000Text,11,,,,999,,1,0,,1
405001,晚风橘绘明信片,405001Name,,405001Text,11,,,,999,,1,0,,1
405002,窗边白笺明信片,405002Name,,405002Text,11,,,,999,,1,0,,1
405003,青空信约明信片,405003Name,,405003Text,11,,,,999,,1,0,,1
405004,樱花私语明信片,405004Name,,405004Text,11,,,,999,,1,0,,1
405005,星轨魔导明信片,405005Name,,405005Text,11,,,,999,,1,0,,1
405006,雾境魔女明信片,405006Name,,405006Text,11,,,,999,,1,0,,1
405007,月光咒印明信片,405007Name,,405007Text,11,,,,999,,1,0,,1
405008,冰晶灵使明信片,405008Name,,405008Text,11,,,,999,,1,0,,1
405009,云间神谕明信片,405009Name,,405009Text,11,,,,999,,1,0,,1
405010,课间碎光明信片,405010Name,,405010Text,11,,,,999,,1,0,,1
405011,校服晚风明信片,405011Name,,405011Text,11,,,,999,,1,0,,1
405012,操场落日明信片,405012Name,,405012Text,11,,,,999,,1,0,,1
405013,图书馆秘思明信片,405013Name,,405013Text,11,,,,999,,1,0,,1
405014,天台告白明信片,405014Name,,405014Text,11,,,,999,,1,0,,1
405015,月下青衫明信片,405015Name,,405015Text,11,,,,999,,1,0,,1
405016,桃枝执扇明信片,405016Name,,405016Text,11,,,,999,,1,0,,1
405017,山河辞赋明信片,405017Name,,405017Text,11,,,,999,,1,0,,1
405018,云袖清欢明信片,405018Name,,405018Text,11,,,,999,,1,0,,1
405019,灯影红笺明信片,405019Name,,405019Text,11,,,,999,,1,0,,1
405020,霓虹战姬明信片,405020Name,,405020Text,11,,,,999,,1,0,,2
405021,深空巡卫明信片,405021Name,,405021Text,11,,,,999,,1,0,,2
405022,机甲星旅明信片,405022Name,,405022Text,11,,,,999,,1,0,,2
405023,雨夜刃影明信片,405023Name,,405023Text,11,,,,999,,1,0,,2
405024,虚空战歌明信片,405024Name,,405024Text,11,,,,999,,1,0,,2
405025,猫屿午后明信片,405025Name,,405025Text,11,,,,999,,1,0,,2
405026,雪落狐踪明信片,405026Name,,405026Text,11,,,,999,,1,0,,2
405027,深海人鱼明信片,405027Name,,405027Text,11,,,,999,,1,0,,2
405028,林间萤火明信片,405028Name,,405028Text,11,,,,999,,1,0,,2
405029,浅海碎浪明信片,405029Name,,405029Text,11,,,,999,,1,0,,3
406000,星野休憩帆布包,406000Name,,406000Text,11,,,,999,,1,0,,1
406001,晚风橘绘帆布包,406001Name,,406001Text,11,,,,999,,1,0,,1
406002,窗边白笺帆布包,406002Name,,406002Text,11,,,,999,,1,0,,1
406003,青空信约帆布包,406003Name,,406003Text,11,,,,999,,1,0,,1
406004,樱花私语帆布包,406004Name,,406004Text,11,,,,999,,1,0,,1
406005,星轨魔导帆布包,406005Name,,406005Text,11,,,,999,,1,0,,1
406006,雾境魔女帆布包,406006Name,,406006Text,11,,,,999,,1,0,,1
406007,月光咒印帆布包,406007Name,,406007Text,11,,,,999,,1,0,,1
406008,冰晶灵使帆布包,406008Name,,406008Text,11,,,,999,,1,0,,1
406009,云间神谕帆布包,406009Name,,406009Text,11,,,,999,,1,0,,1
406010,课间碎光帆布包,406010Name,,406010Text,11,,,,999,,1,0,,1
406011,校服晚风帆布包,406011Name,,406011Text,11,,,,999,,1,0,,1
406012,操场落日帆布包,406012Name,,406012Text,11,,,,999,,1,0,,1
406013,图书馆秘思帆布包,406013Name,,406013Text,11,,,,999,,1,0,,1
406014,天台告白帆布包,406014Name,,406014Text,11,,,,999,,1,0,,1
406015,月下青衫帆布包,406015Name,,406015Text,11,,,,999,,1,0,,1
406016,桃枝执扇帆布包,406016Name,,406016Text,11,,,,999,,1,0,,1
406017,山河辞赋帆布包,406017Name,,406017Text,11,,,,999,,1,0,,1
406018,云袖清欢帆布包,406018Name,,406018Text,11,,,,999,,1,0,,1
406019,灯影红笺帆布包,406019Name,,406019Text,11,,,,999,,1,0,,1
406020,霓虹战姬帆布包,406020Name,,406020Text,11,,,,999,,1,0,,2
406021,深空巡卫帆布包,406021Name,,406021Text,11,,,,999,,1,0,,2
406022,机甲星旅帆布包,406022Name,,406022Text,11,,,,999,,1,0,,2
406023,雨夜刃影帆布包,406023Name,,406023Text,11,,,,999,,1,0,,2
406024,虚空战歌帆布包,406024Name,,406024Text,11,,,,999,,1,0,,2
406025,猫屿午后帆布包,406025Name,,406025Text,11,,,,999,,1,0,,2
406026,雪落狐踪帆布包,406026Name,,406026Text,11,,,,999,,1,0,,2
406027,深海人鱼帆布包,406027Name,,406027Text,11,,,,999,,1,0,,2
406028,林间萤火帆布包,406028Name,,406028Text,11,,,,999,,1,0,,2
406029,浅海碎浪帆布包,406029Name,,406029Text,11,,,,999,,1,0,,3
407000,星野休憩文件夹,407000Name,,407000Text,11,,,,999,,1,0,,1
407001,晚风橘绘文件夹,407001Name,,407001Text,11,,,,999,,1,0,,1
407002,窗边白笺文件夹,407002Name,,407002Text,11,,,,999,,1,0,,1
407003,青空信约文件夹,407003Name,,407003Text,11,,,,999,,1,0,,1
407004,樱花私语文件夹,407004Name,,407004Text,11,,,,999,,1,0,,1
407005,星轨魔导文件夹,407005Name,,407005Text,11,,,,999,,1,0,,1
407006,雾境魔女文件夹,407006Name,,407006Text,11,,,,999,,1,0,,1
407007,月光咒印文件夹,407007Name,,407007Text,11,,,,999,,1,0,,1
407008,冰晶灵使文件夹,407008Name,,407008Text,11,,,,999,,1,0,,1
407009,云间神谕文件夹,407009Name,,407009Text,11,,,,999,,1,0,,1
407010,课间碎光文件夹,407010Name,,407010Text,11,,,,999,,1,0,,1
407011,校服晚风文件夹,407011Name,,407011Text,11,,,,999,,1,0,,1
407012,操场落日文件夹,407012Name,,407012Text,11,,,,999,,1,0,,1
407013,图书馆秘思文件夹,407013Name,,407013Text,11,,,,999,,1,0,,1
407014,天台告白文件夹,407014Name,,407014Text,11,,,,999,,1,0,,1
407015,月下青衫文件夹,407015Name,,407015Text,11,,,,999,,1,0,,1
407016,桃枝执扇文件夹,407016Name,,407016Text,11,,,,999,,1,0,,1
407017,山河辞赋文件夹,407017Name,,407017Text,11,,,,999,,1,0,,1
407018,云袖清欢文件夹,407018Name,,407018Text,11,,,,999,,1,0,,1
407019,灯影红笺文件夹,407019Name,,407019Text,11,,,,999,,1,0,,1
407020,霓虹战姬文件夹,407020Name,,407020Text,11,,,,999,,1,0,,2
407021,深空巡卫文件夹,407021Name,,407021Text,11,,,,999,,1,0,,2
407022,机甲星旅文件夹,407022Name,,407022Text,11,,,,999,,1,0,,2
407023,雨夜刃影文件夹,407023Name,,407023Text,11,,,,999,,1,0,,2
407024,虚空战歌文件夹,407024Name,,407024Text,11,,,,999,,1,0,,2
407025,猫屿午后文件夹,407025Name,,407025Text,11,,,,999,,1,0,,2
407026,雪落狐踪文件夹,407026Name,,407026Text,11,,,,999,,1,0,,2
407027,深海人鱼文件夹,407027Name,,407027Text,11,,,,999,,1,0,,2
407028,林间萤火文件夹,407028Name,,407028Text,11,,,,999,,1,0,,2
407029,浅海碎浪文件夹,407029Name,,407029Text,11,,,,999,,1,0,,3
408000,星野休憩挂轴,408000Name,,408000Text,11,,,,999,,1,0,,1
408001,晚风橘绘挂轴,408001Name,,408001Text,11,,,,999,,1,0,,1
408002,窗边白笺挂轴,408002Name,,408002Text,11,,,,999,,1,0,,1
408003,青空信约挂轴,408003Name,,408003Text,11,,,,999,,1,0,,1
408004,樱花私语挂轴,408004Name,,408004Text,11,,,,999,,1,0,,1
408005,星轨魔导挂轴,408005Name,,408005Text,11,,,,999,,1,0,,1
408006,雾境魔女挂轴,408006Name,,408006Text,11,,,,999,,1,0,,1
408007,月光咒印挂轴,408007Name,,408007Text,11,,,,999,,1,0,,1
408008,冰晶灵使挂轴,408008Name,,408008Text,11,,,,999,,1,0,,1
408009,云间神谕挂轴,408009Name,,408009Text,11,,,,999,,1,0,,1
408010,课间碎光挂轴,408010Name,,408010Text,11,,,,999,,1,0,,1
408011,校服晚风挂轴,408011Name,,408011Text,11,,,,999,,1,0,,1
408012,操场落日挂轴,408012Name,,408012Text,11,,,,999,,1,0,,1
408013,图书馆秘思挂轴,408013Name,,408013Text,11,,,,999,,1,0,,1
408014,天台告白挂轴,408014Name,,408014Text,11,,,,999,,1,0,,1
408015,月下青衫挂轴,408015Name,,408015Text,11,,,,999,,1,0,,1
408016,桃枝执扇挂轴,408016Name,,408016Text,11,,,,999,,1,0,,1
408017,山河辞赋挂轴,408017Name,,408017Text,11,,,,999,,1,0,,1
408018,云袖清欢挂轴,408018Name,,408018Text,11,,,,999,,1,0,,1
408019,灯影红笺挂轴,408019Name,,408019Text,11,,,,999,,1,0,,1
408020,霓虹战姬挂轴,408020Name,,408020Text,11,,,,999,,1,0,,2
408021,深空巡卫挂轴,408021Name,,408021Text,11,,,,999,,1,0,,2
408022,机甲星旅挂轴,408022Name,,408022Text,11,,,,999,,1,0,,2
408023,雨夜刃影挂轴,408023Name,,408023Text,11,,,,999,,1,0,,2
408024,虚空战歌挂轴,408024Name,,408024Text,11,,,,999,,1,0,,2
408025,猫屿午后挂轴,408025Name,,408025Text,11,,,,999,,1,0,,2
408026,雪落狐踪挂轴,408026Name,,408026Text,11,,,,999,,1,0,,2
408027,深海人鱼挂轴,408027Name,,408027Text,11,,,,999,,1,0,,2
408028,林间萤火挂轴,408028Name,,408028Text,11,,,,999,,1,0,,2
408029,浅海碎浪挂轴,408029Name,,408029Text,11,,,,999,,1,0,,3
409000,星野休憩海报,409000Name,,409000Text,11,,,,999,,1,0,,1
409001,晚风橘绘海报,409001Name,,409001Text,11,,,,999,,1,0,,1
409002,窗边白笺海报,409002Name,,409002Text,11,,,,999,,1,0,,1
409003,青空信约海报,409003Name,,409003Text,11,,,,999,,1,0,,1
409004,樱花私语海报,409004Name,,409004Text,11,,,,999,,1,0,,1
409005,星轨魔导海报,409005Name,,409005Text,11,,,,999,,1,0,,1
409006,雾境魔女海报,409006Name,,409006Text,11,,,,999,,1,0,,1
409007,月光咒印海报,409007Name,,409007Text,11,,,,999,,1,0,,1
409008,冰晶灵使海报,409008Name,,409008Text,11,,,,999,,1,0,,1
409009,云间神谕海报,409009Name,,409009Text,11,,,,999,,1,0,,1
409010,课间碎光海报,409010Name,,409010Text,11,,,,999,,1,0,,1
409011,校服晚风海报,409011Name,,409011Text,11,,,,999,,1,0,,1
409012,操场落日海报,409012Name,,409012Text,11,,,,999,,1,0,,1
409013,图书馆秘思海报,409013Name,,409013Text,11,,,,999,,1,0,,1
409014,天台告白海报,409014Name,,409014Text,11,,,,999,,1,0,,1
409015,月下青衫海报,409015Name,,409015Text,11,,,,999,,1,0,,1
409016,桃枝执扇海报,409016Name,,409016Text,11,,,,999,,1,0,,1
409017,山河辞赋海报,409017Name,,409017Text,11,,,,999,,1,0,,1
409018,云袖清欢海报,409018Name,,409018Text,11,,,,999,,1,0,,1
409019,灯影红笺海报,409019Name,,409019Text,11,,,,999,,1,0,,1
409020,霓虹战姬海报,409020Name,,409020Text,11,,,,999,,1,0,,2
409021,深空巡卫海报,409021Name,,409021Text,11,,,,999,,1,0,,2
409022,机甲星旅海报,409022Name,,409022Text,11,,,,999,,1,0,,2
409023,雨夜刃影海报,409023Name,,409023Text,11,,,,999,,1,0,,2
409024,虚空战歌海报,409024Name,,409024Text,11,,,,999,,1,0,,2
409025,猫屿午后海报,409025Name,,409025Text,11,,,,999,,1,0,,2
409026,雪落狐踪海报,409026Name,,409026Text,11,,,,999,,1,0,,2
409027,深海人鱼海报,409027Name,,409027Text,11,,,,999,,1,0,,2
409028,林间萤火海报,409028Name,,409028Text,11,,,,999,,1,0,,2
409029,浅海碎浪海报,409029Name,,409029Text,11,,,,999,,1,0,,3
410000,星野休憩镭射票,410000Name,,410000Text,11,,,,999,,1,0,,1
410001,晚风橘绘镭射票,410001Name,,410001Text,11,,,,999,,1,0,,1
410002,窗边白笺镭射票,410002Name,,410002Text,11,,,,999,,1,0,,1
410003,青空信约镭射票,410003Name,,410003Text,11,,,,999,,1,0,,1
410004,樱花私语镭射票,410004Name,,410004Text,11,,,,999,,1,0,,1
410005,星轨魔导镭射票,410005Name,,410005Text,11,,,,999,,1,0,,1
410006,雾境魔女镭射票,410006Name,,410006Text,11,,,,999,,1,0,,1
410007,月光咒印镭射票,410007Name,,410007Text,11,,,,999,,1,0,,1
410008,冰晶灵使镭射票,410008Name,,410008Text,11,,,,999,,1,0,,1
410009,云间神谕镭射票,410009Name,,410009Text,11,,,,999,,1,0,,1
410010,课间碎光镭射票,410010Name,,410010Text,11,,,,999,,1,0,,1
410011,校服晚风镭射票,410011Name,,410011Text,11,,,,999,,1,0,,1
410012,操场落日镭射票,410012Name,,410012Text,11,,,,999,,1,0,,1
410013,图书馆秘思镭射票,410013Name,,410013Text,11,,,,999,,1,0,,1
410014,天台告白镭射票,410014Name,,410014Text,11,,,,999,,1,0,,1
410015,月下青衫镭射票,410015Name,,410015Text,11,,,,999,,1,0,,1
410016,桃枝执扇镭射票,410016Name,,410016Text,11,,,,999,,1,0,,1
410017,山河辞赋镭射票,410017Name,,410017Text,11,,,,999,,1,0,,1
410018,云袖清欢镭射票,410018Name,,410018Text,11,,,,999,,1,0,,1
410019,灯影红笺镭射票,410019Name,,410019Text,11,,,,999,,1,0,,1
410020,霓虹战姬镭射票,410020Name,,410020Text,11,,,,999,,1,0,,2
410021,深空巡卫镭射票,410021Name,,410021Text,11,,,,999,,1,0,,2
410022,机甲星旅镭射票,410022Name,,410022Text,11,,,,999,,1,0,,2
410023,雨夜刃影镭射票,410023Name,,410023Text,11,,,,999,,1,0,,2
410024,虚空战歌镭射票,410024Name,,410024Text,11,,,,999,,1,0,,2
410025,猫屿午后镭射票,410025Name,,410025Text,11,,,,999,,1,0,,2
410026,雪落狐踪镭射票,410026Name,,410026Text,11,,,,999,,1,0,,2
410027,深海人鱼镭射票,410027Name,,410027Text,11,,,,999,,1,0,,2
410028,林间萤火镭射票,410028Name,,410028Text,11,,,,999,,1,0,,2
410029,浅海碎浪镭射票,410029Name,,410029Text,11,,,,999,,1,0,,3
411000,星野休憩手机壳,411000Name,,411000Text,11,,,,999,,1,0,,1
411001,晚风橘绘手机壳,411001Name,,411001Text,11,,,,999,,1,0,,1
411002,窗边白笺手机壳,411002Name,,411002Text,11,,,,999,,1,0,,1
411003,青空信约手机壳,411003Name,,411003Text,11,,,,999,,1,0,,1
411004,樱花私语手机壳,411004Name,,411004Text,11,,,,999,,1,0,,1
411005,星轨魔导手机壳,411005Name,,411005Text,11,,,,999,,1,0,,1
411006,雾境魔女手机壳,411006Name,,411006Text,11,,,,999,,1,0,,1
411007,月光咒印手机壳,411007Name,,411007Text,11,,,,999,,1,0,,1
411008,冰晶灵使手机壳,411008Name,,411008Text,11,,,,999,,1,0,,1
411009,云间神谕手机壳,411009Name,,411009Text,11,,,,999,,1,0,,1
411010,课间碎光手机壳,411010Name,,411010Text,11,,,,999,,1,0,,1
411011,校服晚风手机壳,411011Name,,411011Text,11,,,,999,,1,0,,1
411012,操场落日手机壳,411012Name,,411012Text,11,,,,999,,1,0,,1
411013,图书馆秘思手机壳,411013Name,,411013Text,11,,,,999,,1,0,,1
411014,天台告白手机壳,411014Name,,411014Text,11,,,,999,,1,0,,1
411015,月下青衫手机壳,411015Name,,411015Text,11,,,,999,,1,0,,1
411016,桃枝执扇手机壳,411016Name,,411016Text,11,,,,999,,1,0,,1
411017,山河辞赋手机壳,411017Name,,411017Text,11,,,,999,,1,0,,1
411018,云袖清欢手机壳,411018Name,,411018Text,11,,,,999,,1,0,,1
411019,灯影红笺手机壳,411019Name,,411019Text,11,,,,999,,1,0,,1
411020,霓虹战姬手机壳,411020Name,,411020Text,11,,,,999,,1,0,,2
411021,深空巡卫手机壳,411021Name,,411021Text,11,,,,999,,1,0,,2
411022,机甲星旅手机壳,411022Name,,411022Text,11,,,,999,,1,0,,2
411023,雨夜刃影手机壳,411023Name,,411023Text,11,,,,999,,1,0,,2
411024,虚空战歌手机壳,411024Name,,411024Text,11,,,,999,,1,0,,2
411025,猫屿午后手机壳,411025Name,,411025Text,11,,,,999,,1,0,,2
411026,雪落狐踪手机壳,411026Name,,411026Text,11,,,,999,,1,0,,2
411027,深海人鱼手机壳,411027Name,,411027Text,11,,,,999,,1,0,,2
411028,林间萤火手机壳,411028Name,,411028Text,11,,,,999,,1,0,,2
411029,浅海碎浪手机壳,411029Name,,411029Text,11,,,,999,,1,0,,3
412000,星野休憩贴纸,412000Name,,412000Text,11,,,,999,,1,0,,1
412001,晚风橘绘贴纸,412001Name,,412001Text,11,,,,999,,1,0,,1
412002,窗边白笺贴纸,412002Name,,412002Text,11,,,,999,,1,0,,1
412003,青空信约贴纸,412003Name,,412003Text,11,,,,999,,1,0,,1
412004,樱花私语贴纸,412004Name,,412004Text,11,,,,999,,1,0,,1
412005,星轨魔导贴纸,412005Name,,412005Text,11,,,,999,,1,0,,1
412006,雾境魔女贴纸,412006Name,,412006Text,11,,,,999,,1,0,,1
412007,月光咒印贴纸,412007Name,,412007Text,11,,,,999,,1,0,,1
412008,冰晶灵使贴纸,412008Name,,412008Text,11,,,,999,,1,0,,1
412009,云间神谕贴纸,412009Name,,412009Text,11,,,,999,,1,0,,1
412010,课间碎光贴纸,412010Name,,412010Text,11,,,,999,,1,0,,1
412011,校服晚风贴纸,412011Name,,412011Text,11,,,,999,,1,0,,1
412012,操场落日贴纸,412012Name,,412012Text,11,,,,999,,1,0,,1
412013,图书馆秘思贴纸,412013Name,,412013Text,11,,,,999,,1,0,,1
412014,天台告白贴纸,412014Name,,412014Text,11,,,,999,,1,0,,1
412015,月下青衫贴纸,412015Name,,412015Text,11,,,,999,,1,0,,1
412016,桃枝执扇贴纸,412016Name,,412016Text,11,,,,999,,1,0,,1
412017,山河辞赋贴纸,412017Name,,412017Text,11,,,,999,,1,0,,1
412018,云袖清欢贴纸,412018Name,,412018Text,11,,,,999,,1,0,,1
412019,灯影红笺贴纸,412019Name,,412019Text,11,,,,999,,1,0,,1
412020,霓虹战姬贴纸,412020Name,,412020Text,11,,,,999,,1,0,,2
412021,深空巡卫贴纸,412021Name,,412021Text,11,,,,999,,1,0,,2
412022,机甲星旅贴纸,412022Name,,412022Text,11,,,,999,,1,0,,2
412023,雨夜刃影贴纸,412023Name,,412023Text,11,,,,999,,1,0,,2
412024,虚空战歌贴纸,412024Name,,412024Text,11,,,,999,,1,0,,2
412025,猫屿午后贴纸,412025Name,,412025Text,11,,,,999,,1,0,,2
412026,雪落狐踪贴纸,412026Name,,412026Text,11,,,,999,,1,0,,2
412027,深海人鱼贴纸,412027Name,,412027Text,11,,,,999,,1,0,,2
412028,林间萤火贴纸,412028Name,,412028Text,11,,,,999,,1,0,,2
412029,浅海碎浪贴纸,412029Name,,412029Text,11,,,,999,,1,0,,3
413000,星野休憩本子,413000Name,,413000Text,11,,,,999,,1,0,,1
413001,晚风橘绘本子,413001Name,,413001Text,11,,,,999,,1,0,,1
413002,窗边白笺本子,413002Name,,413002Text,11,,,,999,,1,0,,1
413003,青空信约本子,413003Name,,413003Text,11,,,,999,,1,0,,1
413004,樱花私语本子,413004Name,,413004Text,11,,,,999,,1,0,,1
413005,星轨魔导本子,413005Name,,413005Text,11,,,,999,,1,0,,1
413006,雾境魔女本子,413006Name,,413006Text,11,,,,999,,1,0,,1
413007,月光咒印本子,413007Name,,413007Text,11,,,,999,,1,0,,1
413008,冰晶灵使本子,413008Name,,413008Text,11,,,,999,,1,0,,1
413009,云间神谕本子,413009Name,,413009Text,11,,,,999,,1,0,,1
413010,课间碎光本子,413010Name,,413010Text,11,,,,999,,1,0,,1
413011,校服晚风本子,413011Name,,413011Text,11,,,,999,,1,0,,1
413012,操场落日本子,413012Name,,413012Text,11,,,,999,,1,0,,1
413013,图书馆秘思本子,413013Name,,413013Text,11,,,,999,,1,0,,1
413014,天台告白本子,413014Name,,413014Text,11,,,,999,,1,0,,1
413015,月下青衫本子,413015Name,,413015Text,11,,,,999,,1,0,,1
413016,桃枝执扇本子,413016Name,,413016Text,11,,,,999,,1,0,,1
413017,山河辞赋本子,413017Name,,413017Text,11,,,,999,,1,0,,1
413018,云袖清欢本子,413018Name,,413018Text,11,,,,999,,1,0,,1
413019,灯影红笺本子,413019Name,,413019Text,11,,,,999,,1,0,,1
413020,霓虹战姬本子,413020Name,,413020Text,11,,,,999,,1,0,,2
413021,深空巡卫本子,413021Name,,413021Text,11,,,,999,,1,0,,2
413022,机甲星旅本子,413022Name,,413022Text,11,,,,999,,1,0,,2
413023,雨夜刃影本子,413023Name,,413023Text,11,,,,999,,1,0,,2
413024,虚空战歌本子,413024Name,,413024Text,11,,,,999,,1,0,,2
413025,猫屿午后本子,413025Name,,413025Text,11,,,,999,,1,0,,2
413026,雪落狐踪本子,413026Name,,413026Text,11,,,,999,,1,0,,2
413027,深海人鱼本子,413027Name,,413027Text,11,,,,999,,1,0,,2
413028,林间萤火本子,413028Name,,413028Text,11,,,,999,,1,0,,2
413029,浅海碎浪本子,413029Name,,413029Text,11,,,,999,,1,0,,3
414000,星野休憩钥匙扣,414000Name,,414000Text,11,,,,999,,1,0,,1
414001,晚风橘绘钥匙扣,414001Name,,414001Text,11,,,,999,,1,0,,1
414002,窗边白笺钥匙扣,414002Name,,414002Text,11,,,,999,,1,0,,1
414003,青空信约钥匙扣,414003Name,,414003Text,11,,,,999,,1,0,,1
414004,樱花私语钥匙扣,414004Name,,414004Text,11,,,,999,,1,0,,1
414005,星轨魔导钥匙扣,414005Name,,414005Text,11,,,,999,,1,0,,1
414006,雾境魔女钥匙扣,414006Name,,414006Text,11,,,,999,,1,0,,1
414007,月光咒印钥匙扣,414007Name,,414007Text,11,,,,999,,1,0,,1
414008,冰晶灵使钥匙扣,414008Name,,414008Text,11,,,,999,,1,0,,1
414009,云间神谕钥匙扣,414009Name,,414009Text,11,,,,999,,1,0,,1
414010,课间碎光钥匙扣,414010Name,,414010Text,11,,,,999,,1,0,,1
414011,校服晚风钥匙扣,414011Name,,414011Text,11,,,,999,,1,0,,1
414012,操场落日钥匙扣,414012Name,,414012Text,11,,,,999,,1,0,,1
414013,图书馆秘思钥匙扣,414013Name,,414013Text,11,,,,999,,1,0,,1
414014,天台告白钥匙扣,414014Name,,414014Text,11,,,,999,,1,0,,1
414015,月下青衫钥匙扣,414015Name,,414015Text,11,,,,999,,1,0,,1
414016,桃枝执扇钥匙扣,414016Name,,414016Text,11,,,,999,,1,0,,1
414017,山河辞赋钥匙扣,414017Name,,414017Text,11,,,,999,,1,0,,1
414018,云袖清欢钥匙扣,414018Name,,414018Text,11,,,,999,,1,0,,1
414019,灯影红笺钥匙扣,414019Name,,414019Text,11,,,,999,,1,0,,1
414020,霓虹战姬钥匙扣,414020Name,,414020Text,11,,,,999,,1,0,,2
414021,深空巡卫钥匙扣,414021Name,,414021Text,11,,,,999,,1,0,,2
414022,机甲星旅钥匙扣,414022Name,,414022Text,11,,,,999,,1,0,,2
414023,雨夜刃影钥匙扣,414023Name,,414023Text,11,,,,999,,1,0,,2
414024,虚空战歌钥匙扣,414024Name,,414024Text,11,,,,999,,1,0,,2
414025,猫屿午后钥匙扣,414025Name,,414025Text,11,,,,999,,1,0,,2
414026,雪落狐踪钥匙扣,414026Name,,414026Text,11,,,,999,,1,0,,2
414027,深海人鱼钥匙扣,414027Name,,414027Text,11,,,,999,,1,0,,2
414028,林间萤火钥匙扣,414028Name,,414028Text,11,,,,999,,1,0,,2
414029,浅海碎浪钥匙扣,414029Name,,414029Text,11,,,,999,,1,0,,3
415000,星野休憩T-恤,415000Name,,415000Text,11,,,,999,,1,0,,1
415001,晚风橘绘T-恤,415001Name,,415001Text,11,,,,999,,1,0,,1
415002,窗边白笺T-恤,415002Name,,415002Text,11,,,,999,,1,0,,1
415003,青空信约T-恤,415003Name,,415003Text,11,,,,999,,1,0,,1
415004,樱花私语T-恤,415004Name,,415004Text,11,,,,999,,1,0,,1
415005,星轨魔导T-恤,415005Name,,415005Text,11,,,,999,,1,0,,1
415006,雾境魔女T-恤,415006Name,,415006Text,11,,,,999,,1,0,,1
415007,月光咒印T-恤,415007Name,,415007Text,11,,,,999,,1,0,,1
415008,冰晶灵使T-恤,415008Name,,415008Text,11,,,,999,,1,0,,1
415009,云间神谕T-恤,415009Name,,415009Text,11,,,,999,,1,0,,1
415010,课间碎光T-恤,415010Name,,415010Text,11,,,,999,,1,0,,1
415011,校服晚风T-恤,415011Name,,415011Text,11,,,,999,,1,0,,1
415012,操场落日T-恤,415012Name,,415012Text,11,,,,999,,1,0,,1
415013,图书馆秘思T-恤,415013Name,,415013Text,11,,,,999,,1,0,,1
415014,天台告白T-恤,415014Name,,415014Text,11,,,,999,,1,0,,1
415015,月下青衫T-恤,415015Name,,415015Text,11,,,,999,,1,0,,1
415016,桃枝执扇T-恤,415016Name,,415016Text,11,,,,999,,1,0,,1
415017,山河辞赋T-恤,415017Name,,415017Text,11,,,,999,,1,0,,1
415018,云袖清欢T-恤,415018Name,,415018Text,11,,,,999,,1,0,,1
415019,灯影红笺T-恤,415019Name,,415019Text,11,,,,999,,1,0,,1
415020,霓虹战姬T-恤,415020Name,,415020Text,11,,,,999,,1,0,,2
415021,深空巡卫T-恤,415021Name,,415021Text,11,,,,999,,1,0,,2
415022,机甲星旅T-恤,415022Name,,415022Text,11,,,,999,,1,0,,2
415023,雨夜刃影T-恤,415023Name,,415023Text,11,,,,999,,1,0,,2
415024,虚空战歌T-恤,415024Name,,415024Text,11,,,,999,,1,0,,2
415025,猫屿午后T-恤,415025Name,,415025Text,11,,,,999,,1,0,,2
415026,雪落狐踪T-恤,415026Name,,415026Text,11,,,,999,,1,0,,2
415027,深海人鱼T-恤,415027Name,,415027Text,11,,,,999,,1,0,,2
415028,林间萤火T-恤,415028Name,,415028Text,11,,,,999,,1,0,,2
415029,浅海碎浪T-恤,415029Name,,415029Text,11,,,,999,,1,0,,3
500000,星野休憩徽章,400000Name,,400000Text,13,,,,999,,1,400,,1
600000,星野休憩徽章（次品）,600000Name,,400000Text,13,,,,999,,1,200,,1
500001,晚风橘绘徽章,400001Name,,400001Text,13,,,,999,,1,400,,1
600001,晚风橘绘徽章（次品）,600001Name,,400001Text,13,,,,999,,1,200,,1
500002,窗边白笺徽章,400002Name,,400002Text,13,,,,999,,1,400,,1
600002,窗边白笺徽章（次品）,600002Name,,400002Text,13,,,,999,,1,200,,1
500003,青空信约徽章,400003Name,,400003Text,13,,,,999,,1,400,,1
600003,青空信约徽章（次品）,600003Name,,400003Text,13,,,,999,,1,200,,1
500004,樱花私语徽章,400004Name,,400004Text,13,,,,999,,1,400,,1
600004,樱花私语徽章（次品）,600004Name,,400004Text,13,,,,999,,1,200,,1
500005,星轨魔导徽章,400005Name,,400005Text,13,,,,999,,1,400,,1
600005,星轨魔导徽章（次品）,600005Name,,400005Text,13,,,,999,,1,200,,1
500006,雾境魔女徽章,400006Name,,400006Text,13,,,,999,,1,400,,1
600006,雾境魔女徽章（次品）,600006Name,,400006Text,13,,,,999,,1,200,,1
500007,月光咒印徽章,400007Name,,400007Text,13,,,,999,,1,400,,1
600007,月光咒印徽章（次品）,600007Name,,400007Text,13,,,,999,,1,200,,1
500008,冰晶灵使徽章,400008Name,,400008Text,13,,,,999,,1,400,,1
600008,冰晶灵使徽章（次品）,600008Name,,400008Text,13,,,,999,,1,200,,1
500009,云间神谕徽章,400009Name,,400009Text,13,,,,999,,1,400,,1
600009,云间神谕徽章（次品）,600009Name,,400009Text,13,,,,999,,1,200,,1
500010,课间碎光徽章,400010Name,,400010Text,13,,,,999,,1,400,,1
600010,课间碎光徽章（次品）,600010Name,,400010Text,13,,,,999,,1,200,,1
500011,校服晚风徽章,400011Name,,400011Text,13,,,,999,,1,400,,1
600011,校服晚风徽章（次品）,600011Name,,400011Text,13,,,,999,,1,200,,1
500012,操场落日徽章,400012Name,,400012Text,13,,,,999,,1,600,,1
600012,操场落日徽章（次品）,600012Name,,400012Text,13,,,,999,,1,300,,1
500013,图书馆秘思徽章,400013Name,,400013Text,13,,,,999,,1,600,,1
600013,图书馆秘思徽章（次品）,600013Name,,400013Text,13,,,,999,,1,300,,1
500014,天台告白徽章,400014Name,,400014Text,13,,,,999,,1,600,,1
600014,天台告白徽章（次品）,600014Name,,400014Text,13,,,,999,,1,300,,1
500015,月下青衫徽章,400015Name,,400015Text,13,,,,999,,1,600,,1
600015,月下青衫徽章（次品）,600015Name,,400015Text,13,,,,999,,1,300,,1
500016,桃枝执扇徽章,400016Name,,400016Text,13,,,,999,,1,600,,1
600016,桃枝执扇徽章（次品）,600016Name,,400016Text,13,,,,999,,1,300,,1
500017,山河辞赋徽章,400017Name,,400017Text,13,,,,999,,1,600,,1
600017,山河辞赋徽章（次品）,600017Name,,400017Text,13,,,,999,,1,300,,1
500018,云袖清欢徽章,400018Name,,400018Text,13,,,,999,,1,600,,1
600018,云袖清欢徽章（次品）,600018Name,,400018Text,13,,,,999,,1,300,,1
500019,灯影红笺徽章,400019Name,,400019Text,13,,,,999,,1,600,,1
600019,灯影红笺徽章（次品）,600019Name,,400019Text,13,,,,999,,1,300,,1
500020,霓虹战姬徽章,400020Name,,400020Text,13,,,,999,,1,800,,2
600020,霓虹战姬徽章（次品）,600020Name,,400020Text,13,,,,999,,1,400,,2
500021,深空巡卫徽章,400021Name,,400021Text,13,,,,999,,1,800,,2
600021,深空巡卫徽章（次品）,600021Name,,400021Text,13,,,,999,,1,400,,2
500022,机甲星旅徽章,400022Name,,400022Text,13,,,,999,,1,800,,2
600022,机甲星旅徽章（次品）,600022Name,,400022Text,13,,,,999,,1,400,,2
500023,雨夜刃影徽章,400023Name,,400023Text,13,,,,999,,1,800,,2
600023,雨夜刃影徽章（次品）,600023Name,,400023Text,13,,,,999,,1,400,,2
500024,虚空战歌徽章,400024Name,,400024Text,13,,,,999,,1,800,,2
600024,虚空战歌徽章（次品）,600024Name,,400024Text,13,,,,999,,1,400,,2
500025,猫屿午后徽章,400025Name,,400025Text,13,,,,999,,1,800,,2
600025,猫屿午后徽章（次品）,600025Name,,400025Text,13,,,,999,,1,400,,2
500026,雪落狐踪徽章,400026Name,,400026Text,13,,,,999,,1,1000,,2
600026,雪落狐踪徽章（次品）,600026Name,,400026Text,13,,,,999,,1,500,,2
500027,深海人鱼徽章,400027Name,,400027Text,13,,,,999,,1,1000,,2
600027,深海人鱼徽章（次品）,600027Name,,400027Text,13,,,,999,,1,500,,2
500028,林间萤火徽章,400028Name,,400028Text,13,,,,999,,1,1000,,2
600028,林间萤火徽章（次品）,600028Name,,400028Text,13,,,,999,,1,500,,2
500029,浅海碎浪徽章,400029Name,,400029Text,13,,,,999,,1,1200,,3
600029,浅海碎浪徽章（次品）,600029Name,,400029Text,13,,,,999,,1,600,,3
501000,星野休憩画册,401000Name,,401000Text,13,,,,999,,1,600,,1
601000,星野休憩画册（次品）,601000Name,,401000Text,13,,,,999,,1,300,,1
501001,晚风橘绘画册,401001Name,,401001Text,13,,,,999,,1,600,,1
601001,晚风橘绘画册（次品）,601001Name,,401001Text,13,,,,999,,1,300,,1
501002,窗边白笺画册,401002Name,,401002Text,13,,,,999,,1,600,,1
601002,窗边白笺画册（次品）,601002Name,,401002Text,13,,,,999,,1,300,,1
501003,青空信约画册,401003Name,,401003Text,13,,,,999,,1,600,,1
601003,青空信约画册（次品）,601003Name,,401003Text,13,,,,999,,1,300,,1
501004,樱花私语画册,401004Name,,401004Text,13,,,,999,,1,600,,1
601004,樱花私语画册（次品）,601004Name,,401004Text,13,,,,999,,1,300,,1
501005,星轨魔导画册,401005Name,,401005Text,13,,,,999,,1,600,,1
601005,星轨魔导画册（次品）,601005Name,,401005Text,13,,,,999,,1,300,,1
501006,雾境魔女画册,401006Name,,401006Text,13,,,,999,,1,600,,1
601006,雾境魔女画册（次品）,601006Name,,401006Text,13,,,,999,,1,300,,1
501007,月光咒印画册,401007Name,,401007Text,13,,,,999,,1,600,,1
601007,月光咒印画册（次品）,601007Name,,401007Text,13,,,,999,,1,300,,1
501008,冰晶灵使画册,401008Name,,401008Text,13,,,,999,,1,600,,1
601008,冰晶灵使画册（次品）,601008Name,,401008Text,13,,,,999,,1,300,,1
501009,云间神谕画册,401009Name,,401009Text,13,,,,999,,1,600,,1
601009,云间神谕画册（次品）,601009Name,,401009Text,13,,,,999,,1,300,,1
501010,课间碎光画册,401010Name,,401010Text,13,,,,999,,1,600,,1
601010,课间碎光画册（次品）,601010Name,,401010Text,13,,,,999,,1,300,,1
501011,校服晚风画册,401011Name,,401011Text,13,,,,999,,1,600,,1
601011,校服晚风画册（次品）,601011Name,,401011Text,13,,,,999,,1,300,,1
501012,操场落日画册,401012Name,,401012Text,13,,,,999,,1,800,,2
601012,操场落日画册（次品）,601012Name,,401012Text,13,,,,999,,1,400,,2
501013,图书馆秘思画册,401013Name,,401013Text,13,,,,999,,1,800,,2
601013,图书馆秘思画册（次品）,601013Name,,401013Text,13,,,,999,,1,400,,2
501014,天台告白画册,401014Name,,401014Text,13,,,,999,,1,800,,2
601014,天台告白画册（次品）,601014Name,,401014Text,13,,,,999,,1,400,,2
501015,月下青衫画册,401015Name,,401015Text,13,,,,999,,1,800,,2
601015,月下青衫画册（次品）,601015Name,,401015Text,13,,,,999,,1,400,,2
501016,桃枝执扇画册,401016Name,,401016Text,13,,,,999,,1,800,,2
601016,桃枝执扇画册（次品）,601016Name,,401016Text,13,,,,999,,1,400,,2
501017,山河辞赋画册,401017Name,,401017Text,13,,,,999,,1,800,,2
601017,山河辞赋画册（次品）,601017Name,,401017Text,13,,,,999,,1,400,,2
501018,云袖清欢画册,401018Name,,401018Text,13,,,,999,,1,800,,2
601018,云袖清欢画册（次品）,601018Name,,401018Text,13,,,,999,,1,400,,2
501019,灯影红笺画册,401019Name,,401019Text,13,,,,999,,1,800,,2
601019,灯影红笺画册（次品）,601019Name,,401019Text,13,,,,999,,1,400,,2
501020,霓虹战姬画册,401020Name,,401020Text,13,,,,999,,1,1000,,2
601020,霓虹战姬画册（次品）,601020Name,,401020Text,13,,,,999,,1,500,,2
501021,深空巡卫画册,401021Name,,401021Text,13,,,,999,,1,1000,,2
601021,深空巡卫画册（次品）,601021Name,,401021Text,13,,,,999,,1,500,,2
501022,机甲星旅画册,401022Name,,401022Text,13,,,,999,,1,1000,,2
601022,机甲星旅画册（次品）,601022Name,,401022Text,13,,,,999,,1,500,,2
501023,雨夜刃影画册,401023Name,,401023Text,13,,,,999,,1,1000,,2
601023,雨夜刃影画册（次品）,601023Name,,401023Text,13,,,,999,,1,500,,2
501024,虚空战歌画册,401024Name,,401024Text,13,,,,999,,1,1000,,2
601024,虚空战歌画册（次品）,601024Name,,401024Text,13,,,,999,,1,500,,2
501025,猫屿午后画册,401025Name,,401025Text,13,,,,999,,1,1000,,2
601025,猫屿午后画册（次品）,601025Name,,401025Text,13,,,,999,,1,500,,2
501026,雪落狐踪画册,401026Name,,401026Text,13,,,,999,,1,1200,,3
601026,雪落狐踪画册（次品）,601026Name,,401026Text,13,,,,999,,1,600,,3
501027,深海人鱼画册,401027Name,,401027Text,13,,,,999,,1,1200,,3
601027,深海人鱼画册（次品）,601027Name,,401027Text,13,,,,999,,1,600,,3
501028,林间萤火画册,401028Name,,401028Text,13,,,,999,,1,1200,,3
601028,林间萤火画册（次品）,601028Name,,401028Text,13,,,,999,,1,600,,3
501029,浅海碎浪画册,401029Name,,401029Text,13,,,,999,,1,1400,,3
601029,浅海碎浪画册（次品）,601029Name,,401029Text,13,,,,999,,1,700,,3
502000,星野休憩抱枕,402000Name,,402000Text,13,,,,999,,1,800,,2
602000,星野休憩抱枕（次品）,602000Name,,402000Text,13,,,,999,,1,400,,2
502001,晚风橘绘抱枕,402001Name,,402001Text,13,,,,999,,1,800,,2
602001,晚风橘绘抱枕（次品）,602001Name,,402001Text,13,,,,999,,1,400,,2
502002,窗边白笺抱枕,402002Name,,402002Text,13,,,,999,,1,800,,2
602002,窗边白笺抱枕（次品）,602002Name,,402002Text,13,,,,999,,1,400,,2
502003,青空信约抱枕,402003Name,,402003Text,13,,,,999,,1,800,,2
602003,青空信约抱枕（次品）,602003Name,,402003Text,13,,,,999,,1,400,,2
502004,樱花私语抱枕,402004Name,,402004Text,13,,,,999,,1,800,,2
602004,樱花私语抱枕（次品）,602004Name,,402004Text,13,,,,999,,1,400,,2
502005,星轨魔导抱枕,402005Name,,402005Text,13,,,,999,,1,800,,2
602005,星轨魔导抱枕（次品）,602005Name,,402005Text,13,,,,999,,1,400,,2
502006,雾境魔女抱枕,402006Name,,402006Text,13,,,,999,,1,800,,2
602006,雾境魔女抱枕（次品）,602006Name,,402006Text,13,,,,999,,1,400,,2
502007,月光咒印抱枕,402007Name,,402007Text,13,,,,999,,1,800,,2
602007,月光咒印抱枕（次品）,602007Name,,402007Text,13,,,,999,,1,400,,2
502008,冰晶灵使抱枕,402008Name,,402008Text,13,,,,999,,1,800,,2
602008,冰晶灵使抱枕（次品）,602008Name,,402008Text,13,,,,999,,1,400,,2
502009,云间神谕抱枕,402009Name,,402009Text,13,,,,999,,1,800,,2
602009,云间神谕抱枕（次品）,602009Name,,402009Text,13,,,,999,,1,400,,2
502010,课间碎光抱枕,402010Name,,402010Text,13,,,,999,,1,800,,2
602010,课间碎光抱枕（次品）,602010Name,,402010Text,13,,,,999,,1,400,,2
502011,校服晚风抱枕,402011Name,,402011Text,13,,,,999,,1,800,,2
602011,校服晚风抱枕（次品）,602011Name,,402011Text,13,,,,999,,1,400,,2
502012,操场落日抱枕,402012Name,,402012Text,13,,,,999,,1,1000,,2
602012,操场落日抱枕（次品）,602012Name,,402012Text,13,,,,999,,1,500,,2
502013,图书馆秘思抱枕,402013Name,,402013Text,13,,,,999,,1,1000,,2
602013,图书馆秘思抱枕（次品）,602013Name,,402013Text,13,,,,999,,1,500,,2
502014,天台告白抱枕,402014Name,,402014Text,13,,,,999,,1,1000,,2
602014,天台告白抱枕（次品）,602014Name,,402014Text,13,,,,999,,1,500,,2
502015,月下青衫抱枕,402015Name,,402015Text,13,,,,999,,1,1000,,2
602015,月下青衫抱枕（次品）,602015Name,,402015Text,13,,,,999,,1,500,,2
502016,桃枝执扇抱枕,402016Name,,402016Text,13,,,,999,,1,1000,,2
602016,桃枝执扇抱枕（次品）,602016Name,,402016Text,13,,,,999,,1,500,,2
502017,山河辞赋抱枕,402017Name,,402017Text,13,,,,999,,1,1000,,2
602017,山河辞赋抱枕（次品）,602017Name,,402017Text,13,,,,999,,1,500,,2
502018,云袖清欢抱枕,402018Name,,402018Text,13,,,,999,,1,1000,,2
602018,云袖清欢抱枕（次品）,602018Name,,402018Text,13,,,,999,,1,500,,2
502019,灯影红笺抱枕,402019Name,,402019Text,13,,,,999,,1,1000,,2
602019,灯影红笺抱枕（次品）,602019Name,,402019Text,13,,,,999,,1,500,,2
502020,霓虹战姬抱枕,402020Name,,402020Text,13,,,,999,,1,1200,,3
602020,霓虹战姬抱枕（次品）,602020Name,,402020Text,13,,,,999,,1,600,,3
502021,深空巡卫抱枕,402021Name,,402021Text,13,,,,999,,1,1200,,3
602021,深空巡卫抱枕（次品）,602021Name,,402021Text,13,,,,999,,1,600,,3
502022,机甲星旅抱枕,402022Name,,402022Text,13,,,,999,,1,1200,,3
602022,机甲星旅抱枕（次品）,602022Name,,402022Text,13,,,,999,,1,600,,3
502023,雨夜刃影抱枕,402023Name,,402023Text,13,,,,999,,1,1200,,3
602023,雨夜刃影抱枕（次品）,602023Name,,402023Text,13,,,,999,,1,600,,3
502024,虚空战歌抱枕,402024Name,,402024Text,13,,,,999,,1,1200,,3
602024,虚空战歌抱枕（次品）,602024Name,,402024Text,13,,,,999,,1,600,,3
502025,猫屿午后抱枕,402025Name,,402025Text,13,,,,999,,1,1200,,3
602025,猫屿午后抱枕（次品）,602025Name,,402025Text,13,,,,999,,1,600,,3
502026,雪落狐踪抱枕,402026Name,,402026Text,13,,,,999,,1,1400,,3
602026,雪落狐踪抱枕（次品）,602026Name,,402026Text,13,,,,999,,1,700,,3
502027,深海人鱼抱枕,402027Name,,402027Text,13,,,,999,,1,1400,,3
602027,深海人鱼抱枕（次品）,602027Name,,402027Text,13,,,,999,,1,700,,3
502028,林间萤火抱枕,402028Name,,402028Text,13,,,,999,,1,1400,,3
602028,林间萤火抱枕（次品）,602028Name,,402028Text,13,,,,999,,1,700,,3
502029,浅海碎浪抱枕,402029Name,,402029Text,13,,,,999,,1,1600,,4
602029,浅海碎浪抱枕（次品）,602029Name,,402029Text,13,,,,999,,1,800,,4
503000,星野休憩毯子,403000Name,,403000Text,13,,,,999,,1,1000,,2
603000,星野休憩毯子（次品）,603000Name,,403000Text,13,,,,999,,1,500,,2
503001,晚风橘绘毯子,403001Name,,403001Text,13,,,,999,,1,1000,,2
603001,晚风橘绘毯子（次品）,603001Name,,403001Text,13,,,,999,,1,500,,2
503002,窗边白笺毯子,403002Name,,403002Text,13,,,,999,,1,1000,,2
603002,窗边白笺毯子（次品）,603002Name,,403002Text,13,,,,999,,1,500,,2
503003,青空信约毯子,403003Name,,403003Text,13,,,,999,,1,1000,,2
603003,青空信约毯子（次品）,603003Name,,403003Text,13,,,,999,,1,500,,2
503004,樱花私语毯子,403004Name,,403004Text,13,,,,999,,1,1000,,2
603004,樱花私语毯子（次品）,603004Name,,403004Text,13,,,,999,,1,500,,2
503005,星轨魔导毯子,403005Name,,403005Text,13,,,,999,,1,1000,,2
603005,星轨魔导毯子（次品）,603005Name,,403005Text,13,,,,999,,1,500,,2
503006,雾境魔女毯子,403006Name,,403006Text,13,,,,999,,1,1000,,2
603006,雾境魔女毯子（次品）,603006Name,,403006Text,13,,,,999,,1,500,,2
503007,月光咒印毯子,403007Name,,403007Text,13,,,,999,,1,1000,,2
603007,月光咒印毯子（次品）,603007Name,,403007Text,13,,,,999,,1,500,,2
503008,冰晶灵使毯子,403008Name,,403008Text,13,,,,999,,1,1000,,2
603008,冰晶灵使毯子（次品）,603008Name,,403008Text,13,,,,999,,1,500,,2
503009,云间神谕毯子,403009Name,,403009Text,13,,,,999,,1,1000,,2
603009,云间神谕毯子（次品）,603009Name,,403009Text,13,,,,999,,1,500,,2
503010,课间碎光毯子,403010Name,,403010Text,13,,,,999,,1,1000,,2
603010,课间碎光毯子（次品）,603010Name,,403010Text,13,,,,999,,1,500,,2
503011,校服晚风毯子,403011Name,,403011Text,13,,,,999,,1,1000,,2
603011,校服晚风毯子（次品）,603011Name,,403011Text,13,,,,999,,1,500,,2
503012,操场落日毯子,403012Name,,403012Text,13,,,,999,,1,1200,,3
603012,操场落日毯子（次品）,603012Name,,403012Text,13,,,,999,,1,600,,3
503013,图书馆秘思毯子,403013Name,,403013Text,13,,,,999,,1,1200,,3
603013,图书馆秘思毯子（次品）,603013Name,,403013Text,13,,,,999,,1,600,,3
503014,天台告白毯子,403014Name,,403014Text,13,,,,999,,1,1200,,3
603014,天台告白毯子（次品）,603014Name,,403014Text,13,,,,999,,1,600,,3
503015,月下青衫毯子,403015Name,,403015Text,13,,,,999,,1,1200,,3
603015,月下青衫毯子（次品）,603015Name,,403015Text,13,,,,999,,1,600,,3
503016,桃枝执扇毯子,403016Name,,403016Text,13,,,,999,,1,1200,,3
603016,桃枝执扇毯子（次品）,603016Name,,403016Text,13,,,,999,,1,600,,3
503017,山河辞赋毯子,403017Name,,403017Text,13,,,,999,,1,1200,,3
603017,山河辞赋毯子（次品）,603017Name,,403017Text,13,,,,999,,1,600,,3
503018,云袖清欢毯子,403018Name,,403018Text,13,,,,999,,1,1200,,3
603018,云袖清欢毯子（次品）,603018Name,,403018Text,13,,,,999,,1,600,,3
503019,灯影红笺毯子,403019Name,,403019Text,13,,,,999,,1,1200,,3
603019,灯影红笺毯子（次品）,603019Name,,403019Text,13,,,,999,,1,600,,3
503020,霓虹战姬毯子,403020Name,,403020Text,13,,,,999,,1,1400,,3
603020,霓虹战姬毯子（次品）,603020Name,,403020Text,13,,,,999,,1,700,,3
503021,深空巡卫毯子,403021Name,,403021Text,13,,,,999,,1,1400,,3
603021,深空巡卫毯子（次品）,603021Name,,403021Text,13,,,,999,,1,700,,3
503022,机甲星旅毯子,403022Name,,403022Text,13,,,,999,,1,1400,,3
603022,机甲星旅毯子（次品）,603022Name,,403022Text,13,,,,999,,1,700,,3
503023,雨夜刃影毯子,403023Name,,403023Text,13,,,,999,,1,1400,,3
603023,雨夜刃影毯子（次品）,603023Name,,403023Text,13,,,,999,,1,700,,3
503024,虚空战歌毯子,403024Name,,403024Text,13,,,,999,,1,1400,,3
603024,虚空战歌毯子（次品）,603024Name,,403024Text,13,,,,999,,1,700,,3
503025,猫屿午后毯子,403025Name,,403025Text,13,,,,999,,1,1400,,3
603025,猫屿午后毯子（次品）,603025Name,,403025Text,13,,,,999,,1,700,,3
503026,雪落狐踪毯子,403026Name,,403026Text,13,,,,999,,1,1600,,4
603026,雪落狐踪毯子（次品）,603026Name,,403026Text,13,,,,999,,1,800,,4
503027,深海人鱼毯子,403027Name,,403027Text,13,,,,999,,1,1600,,4
603027,深海人鱼毯子（次品）,603027Name,,403027Text,13,,,,999,,1,800,,4
503028,林间萤火毯子,403028Name,,403028Text,13,,,,999,,1,1600,,4
603028,林间萤火毯子（次品）,603028Name,,403028Text,13,,,,999,,1,800,,4
503029,浅海碎浪毯子,403029Name,,403029Text,13,,,,999,,1,1800,,4
603029,浅海碎浪毯子（次品）,603029Name,,403029Text,13,,,,999,,1,900,,4
504000,星野休憩立牌,404000Name,,404000Text,13,,,,999,,1,400,,1
604000,星野休憩立牌（次品）,604000Name,,404000Text,13,,,,999,,1,200,,1
504001,晚风橘绘立牌,404001Name,,404001Text,13,,,,999,,1,400,,1
604001,晚风橘绘立牌（次品）,604001Name,,404001Text,13,,,,999,,1,200,,1
504002,窗边白笺立牌,404002Name,,404002Text,13,,,,999,,1,400,,1
604002,窗边白笺立牌（次品）,604002Name,,404002Text,13,,,,999,,1,200,,1
504003,青空信约立牌,404003Name,,404003Text,13,,,,999,,1,400,,1
604003,青空信约立牌（次品）,604003Name,,404003Text,13,,,,999,,1,200,,1
504004,樱花私语立牌,404004Name,,404004Text,13,,,,999,,1,400,,1
604004,樱花私语立牌（次品）,604004Name,,404004Text,13,,,,999,,1,200,,1
504005,星轨魔导立牌,404005Name,,404005Text,13,,,,999,,1,400,,1
604005,星轨魔导立牌（次品）,604005Name,,404005Text,13,,,,999,,1,200,,1
504006,雾境魔女立牌,404006Name,,404006Text,13,,,,999,,1,400,,1
604006,雾境魔女立牌（次品）,604006Name,,404006Text,13,,,,999,,1,200,,1
504007,月光咒印立牌,404007Name,,404007Text,13,,,,999,,1,400,,1
604007,月光咒印立牌（次品）,604007Name,,404007Text,13,,,,999,,1,200,,1
504008,冰晶灵使立牌,404008Name,,404008Text,13,,,,999,,1,400,,1
604008,冰晶灵使立牌（次品）,604008Name,,404008Text,13,,,,999,,1,200,,1
504009,云间神谕立牌,404009Name,,404009Text,13,,,,999,,1,400,,1
604009,云间神谕立牌（次品）,604009Name,,404009Text,13,,,,999,,1,200,,1
504010,课间碎光立牌,404010Name,,404010Text,13,,,,999,,1,400,,1
604010,课间碎光立牌（次品）,604010Name,,404010Text,13,,,,999,,1,200,,1
504011,校服晚风立牌,404011Name,,404011Text,13,,,,999,,1,400,,1
604011,校服晚风立牌（次品）,604011Name,,404011Text,13,,,,999,,1,200,,1
504012,操场落日立牌,404012Name,,404012Text,13,,,,999,,1,600,,1
604012,操场落日立牌（次品）,604012Name,,404012Text,13,,,,999,,1,300,,1
504013,图书馆秘思立牌,404013Name,,404013Text,13,,,,999,,1,600,,1
604013,图书馆秘思立牌（次品）,604013Name,,404013Text,13,,,,999,,1,300,,1
504014,天台告白立牌,404014Name,,404014Text,13,,,,999,,1,600,,1
604014,天台告白立牌（次品）,604014Name,,404014Text,13,,,,999,,1,300,,1
504015,月下青衫立牌,404015Name,,404015Text,13,,,,999,,1,600,,1
604015,月下青衫立牌（次品）,604015Name,,404015Text,13,,,,999,,1,300,,1
504016,桃枝执扇立牌,404016Name,,404016Text,13,,,,999,,1,600,,1
604016,桃枝执扇立牌（次品）,604016Name,,404016Text,13,,,,999,,1,300,,1
504017,山河辞赋立牌,404017Name,,404017Text,13,,,,999,,1,600,,1
604017,山河辞赋立牌（次品）,604017Name,,404017Text,13,,,,999,,1,300,,1
504018,云袖清欢立牌,404018Name,,404018Text,13,,,,999,,1,600,,1
604018,云袖清欢立牌（次品）,604018Name,,404018Text,13,,,,999,,1,300,,1
504019,灯影红笺立牌,404019Name,,404019Text,13,,,,999,,1,600,,1
604019,灯影红笺立牌（次品）,604019Name,,404019Text,13,,,,999,,1,300,,1
504020,霓虹战姬立牌,404020Name,,404020Text,13,,,,999,,1,800,,2
604020,霓虹战姬立牌（次品）,604020Name,,404020Text,13,,,,999,,1,400,,2
504021,深空巡卫立牌,404021Name,,404021Text,13,,,,999,,1,800,,2
604021,深空巡卫立牌（次品）,604021Name,,404021Text,13,,,,999,,1,400,,2
504022,机甲星旅立牌,404022Name,,404022Text,13,,,,999,,1,800,,2
604022,机甲星旅立牌（次品）,604022Name,,404022Text,13,,,,999,,1,400,,2
504023,雨夜刃影立牌,404023Name,,404023Text,13,,,,999,,1,800,,2
604023,雨夜刃影立牌（次品）,604023Name,,404023Text,13,,,,999,,1,400,,2
504024,虚空战歌立牌,404024Name,,404024Text,13,,,,999,,1,800,,2
604024,虚空战歌立牌（次品）,604024Name,,404024Text,13,,,,999,,1,400,,2
504025,猫屿午后立牌,404025Name,,404025Text,13,,,,999,,1,800,,2
604025,猫屿午后立牌（次品）,604025Name,,404025Text,13,,,,999,,1,400,,2
504026,雪落狐踪立牌,404026Name,,404026Text,13,,,,999,,1,1000,,2
604026,雪落狐踪立牌（次品）,604026Name,,404026Text,13,,,,999,,1,500,,2
504027,深海人鱼立牌,404027Name,,404027Text,13,,,,999,,1,1000,,2
604027,深海人鱼立牌（次品）,604027Name,,404027Text,13,,,,999,,1,500,,2
504028,林间萤火立牌,404028Name,,404028Text,13,,,,999,,1,1000,,2
604028,林间萤火立牌（次品）,604028Name,,404028Text,13,,,,999,,1,500,,2
504029,浅海碎浪立牌,404029Name,,404029Text,13,,,,999,,1,1200,,3
604029,浅海碎浪立牌（次品）,604029Name,,404029Text,13,,,,999,,1,600,,3
505000,星野休憩明信片,405000Name,,405000Text,13,,,,999,,1,400,,1
605000,星野休憩明信片（次品）,605000Name,,405000Text,13,,,,999,,1,200,,1
505001,晚风橘绘明信片,405001Name,,405001Text,13,,,,999,,1,400,,1
605001,晚风橘绘明信片（次品）,605001Name,,405001Text,13,,,,999,,1,200,,1
505002,窗边白笺明信片,405002Name,,405002Text,13,,,,999,,1,400,,1
605002,窗边白笺明信片（次品）,605002Name,,405002Text,13,,,,999,,1,200,,1
505003,青空信约明信片,405003Name,,405003Text,13,,,,999,,1,400,,1
605003,青空信约明信片（次品）,605003Name,,405003Text,13,,,,999,,1,200,,1
505004,樱花私语明信片,405004Name,,405004Text,13,,,,999,,1,400,,1
605004,樱花私语明信片（次品）,605004Name,,405004Text,13,,,,999,,1,200,,1
505005,星轨魔导明信片,405005Name,,405005Text,13,,,,999,,1,400,,1
605005,星轨魔导明信片（次品）,605005Name,,405005Text,13,,,,999,,1,200,,1
505006,雾境魔女明信片,405006Name,,405006Text,13,,,,999,,1,400,,1
605006,雾境魔女明信片（次品）,605006Name,,405006Text,13,,,,999,,1,200,,1
505007,月光咒印明信片,405007Name,,405007Text,13,,,,999,,1,400,,1
605007,月光咒印明信片（次品）,605007Name,,405007Text,13,,,,999,,1,200,,1
505008,冰晶灵使明信片,405008Name,,405008Text,13,,,,999,,1,400,,1
605008,冰晶灵使明信片（次品）,605008Name,,405008Text,13,,,,999,,1,200,,1
505009,云间神谕明信片,405009Name,,405009Text,13,,,,999,,1,400,,1
605009,云间神谕明信片（次品）,605009Name,,405009Text,13,,,,999,,1,200,,1
505010,课间碎光明信片,405010Name,,405010Text,13,,,,999,,1,400,,1
605010,课间碎光明信片（次品）,605010Name,,405010Text,13,,,,999,,1,200,,1
505011,校服晚风明信片,405011Name,,405011Text,13,,,,999,,1,400,,1
605011,校服晚风明信片（次品）,605011Name,,405011Text,13,,,,999,,1,200,,1
505012,操场落日明信片,405012Name,,405012Text,13,,,,999,,1,600,,1
605012,操场落日明信片（次品）,605012Name,,405012Text,13,,,,999,,1,300,,1
505013,图书馆秘思明信片,405013Name,,405013Text,13,,,,999,,1,600,,1
605013,图书馆秘思明信片（次品）,605013Name,,405013Text,13,,,,999,,1,300,,1
505014,天台告白明信片,405014Name,,405014Text,13,,,,999,,1,600,,1
605014,天台告白明信片（次品）,605014Name,,405014Text,13,,,,999,,1,300,,1
505015,月下青衫明信片,405015Name,,405015Text,13,,,,999,,1,600,,1
605015,月下青衫明信片（次品）,605015Name,,405015Text,13,,,,999,,1,300,,1
505016,桃枝执扇明信片,405016Name,,405016Text,13,,,,999,,1,600,,1
605016,桃枝执扇明信片（次品）,605016Name,,405016Text,13,,,,999,,1,300,,1
505017,山河辞赋明信片,405017Name,,405017Text,13,,,,999,,1,600,,1
605017,山河辞赋明信片（次品）,605017Name,,405017Text,13,,,,999,,1,300,,1
505018,云袖清欢明信片,405018Name,,405018Text,13,,,,999,,1,600,,1
605018,云袖清欢明信片（次品）,605018Name,,405018Text,13,,,,999,,1,300,,1
505019,灯影红笺明信片,405019Name,,405019Text,13,,,,999,,1,600,,1
605019,灯影红笺明信片（次品）,605019Name,,405019Text,13,,,,999,,1,300,,1
505020,霓虹战姬明信片,405020Name,,405020Text,13,,,,999,,1,800,,2
605020,霓虹战姬明信片（次品）,605020Name,,405020Text,13,,,,999,,1,400,,2
505021,深空巡卫明信片,405021Name,,405021Text,13,,,,999,,1,800,,2
605021,深空巡卫明信片（次品）,605021Name,,405021Text,13,,,,999,,1,400,,2
505022,机甲星旅明信片,405022Name,,405022Text,13,,,,999,,1,800,,2
605022,机甲星旅明信片（次品）,605022Name,,405022Text,13,,,,999,,1,400,,2
505023,雨夜刃影明信片,405023Name,,405023Text,13,,,,999,,1,800,,2
605023,雨夜刃影明信片（次品）,605023Name,,405023Text,13,,,,999,,1,400,,2
505024,虚空战歌明信片,405024Name,,405024Text,13,,,,999,,1,800,,2
605024,虚空战歌明信片（次品）,605024Name,,405024Text,13,,,,999,,1,400,,2
505025,猫屿午后明信片,405025Name,,405025Text,13,,,,999,,1,800,,2
605025,猫屿午后明信片（次品）,605025Name,,405025Text,13,,,,999,,1,400,,2
505026,雪落狐踪明信片,405026Name,,405026Text,13,,,,999,,1,1000,,2
605026,雪落狐踪明信片（次品）,605026Name,,405026Text,13,,,,999,,1,500,,2
505027,深海人鱼明信片,405027Name,,405027Text,13,,,,999,,1,1000,,2
605027,深海人鱼明信片（次品）,605027Name,,405027Text,13,,,,999,,1,500,,2
505028,林间萤火明信片,405028Name,,405028Text,13,,,,999,,1,1000,,2
605028,林间萤火明信片（次品）,605028Name,,405028Text,13,,,,999,,1,500,,2
505029,浅海碎浪明信片,405029Name,,405029Text,13,,,,999,,1,1200,,3
605029,浅海碎浪明信片（次品）,605029Name,,405029Text,13,,,,999,,1,600,,3
506000,星野休憩帆布包,406000Name,,406000Text,13,,,,999,,1,400,,1
606000,星野休憩帆布包（次品）,606000Name,,406000Text,13,,,,999,,1,200,,1
506001,晚风橘绘帆布包,406001Name,,406001Text,13,,,,999,,1,400,,1
606001,晚风橘绘帆布包（次品）,606001Name,,406001Text,13,,,,999,,1,200,,1
506002,窗边白笺帆布包,406002Name,,406002Text,13,,,,999,,1,400,,1
606002,窗边白笺帆布包（次品）,606002Name,,406002Text,13,,,,999,,1,200,,1
506003,青空信约帆布包,406003Name,,406003Text,13,,,,999,,1,400,,1
606003,青空信约帆布包（次品）,606003Name,,406003Text,13,,,,999,,1,200,,1
506004,樱花私语帆布包,406004Name,,406004Text,13,,,,999,,1,400,,1
606004,樱花私语帆布包（次品）,606004Name,,406004Text,13,,,,999,,1,200,,1
506005,星轨魔导帆布包,406005Name,,406005Text,13,,,,999,,1,400,,1
606005,星轨魔导帆布包（次品）,606005Name,,406005Text,13,,,,999,,1,200,,1
506006,雾境魔女帆布包,406006Name,,406006Text,13,,,,999,,1,400,,1
606006,雾境魔女帆布包（次品）,606006Name,,406006Text,13,,,,999,,1,200,,1
506007,月光咒印帆布包,406007Name,,406007Text,13,,,,999,,1,400,,1
606007,月光咒印帆布包（次品）,606007Name,,406007Text,13,,,,999,,1,200,,1
506008,冰晶灵使帆布包,406008Name,,406008Text,13,,,,999,,1,400,,1
606008,冰晶灵使帆布包（次品）,606008Name,,406008Text,13,,,,999,,1,200,,1
506009,云间神谕帆布包,406009Name,,406009Text,13,,,,999,,1,400,,1
606009,云间神谕帆布包（次品）,606009Name,,406009Text,13,,,,999,,1,200,,1
506010,课间碎光帆布包,406010Name,,406010Text,13,,,,999,,1,400,,1
606010,课间碎光帆布包（次品）,606010Name,,406010Text,13,,,,999,,1,200,,1
506011,校服晚风帆布包,406011Name,,406011Text,13,,,,999,,1,400,,1
606011,校服晚风帆布包（次品）,606011Name,,406011Text,13,,,,999,,1,200,,1
506012,操场落日帆布包,406012Name,,406012Text,13,,,,999,,1,600,,1
606012,操场落日帆布包（次品）,606012Name,,406012Text,13,,,,999,,1,300,,1
506013,图书馆秘思帆布包,406013Name,,406013Text,13,,,,999,,1,600,,1
606013,图书馆秘思帆布包（次品）,606013Name,,406013Text,13,,,,999,,1,300,,1
506014,天台告白帆布包,406014Name,,406014Text,13,,,,999,,1,600,,1
606014,天台告白帆布包（次品）,606014Name,,406014Text,13,,,,999,,1,300,,1
506015,月下青衫帆布包,406015Name,,406015Text,13,,,,999,,1,600,,1
606015,月下青衫帆布包（次品）,606015Name,,406015Text,13,,,,999,,1,300,,1
506016,桃枝执扇帆布包,406016Name,,406016Text,13,,,,999,,1,600,,1
606016,桃枝执扇帆布包（次品）,606016Name,,406016Text,13,,,,999,,1,300,,1
506017,山河辞赋帆布包,406017Name,,406017Text,13,,,,999,,1,600,,1
606017,山河辞赋帆布包（次品）,606017Name,,406017Text,13,,,,999,,1,300,,1
506018,云袖清欢帆布包,406018Name,,406018Text,13,,,,999,,1,600,,1
606018,云袖清欢帆布包（次品）,606018Name,,406018Text,13,,,,999,,1,300,,1
506019,灯影红笺帆布包,406019Name,,406019Text,13,,,,999,,1,600,,1
606019,灯影红笺帆布包（次品）,606019Name,,406019Text,13,,,,999,,1,300,,1
506020,霓虹战姬帆布包,406020Name,,406020Text,13,,,,999,,1,800,,2
606020,霓虹战姬帆布包（次品）,606020Name,,406020Text,13,,,,999,,1,400,,2
506021,深空巡卫帆布包,406021Name,,406021Text,13,,,,999,,1,800,,2
606021,深空巡卫帆布包（次品）,606021Name,,406021Text,13,,,,999,,1,400,,2
506022,机甲星旅帆布包,406022Name,,406022Text,13,,,,999,,1,800,,2
606022,机甲星旅帆布包（次品）,606022Name,,406022Text,13,,,,999,,1,400,,2
506023,雨夜刃影帆布包,406023Name,,406023Text,13,,,,999,,1,800,,2
606023,雨夜刃影帆布包（次品）,606023Name,,406023Text,13,,,,999,,1,400,,2
506024,虚空战歌帆布包,406024Name,,406024Text,13,,,,999,,1,800,,2
606024,虚空战歌帆布包（次品）,606024Name,,406024Text,13,,,,999,,1,400,,2
506025,猫屿午后帆布包,406025Name,,406025Text,13,,,,999,,1,800,,2
606025,猫屿午后帆布包（次品）,606025Name,,406025Text,13,,,,999,,1,400,,2
506026,雪落狐踪帆布包,406026Name,,406026Text,13,,,,999,,1,1000,,2
606026,雪落狐踪帆布包（次品）,606026Name,,406026Text,13,,,,999,,1,500,,2
506027,深海人鱼帆布包,406027Name,,406027Text,13,,,,999,,1,1000,,2
606027,深海人鱼帆布包（次品）,606027Name,,406027Text,13,,,,999,,1,500,,2
506028,林间萤火帆布包,406028Name,,406028Text,13,,,,999,,1,1000,,2
606028,林间萤火帆布包（次品）,606028Name,,406028Text,13,,,,999,,1,500,,2
506029,浅海碎浪帆布包,406029Name,,406029Text,13,,,,999,,1,1200,,3
606029,浅海碎浪帆布包（次品）,606029Name,,406029Text,13,,,,999,,1,600,,3
507000,星野休憩文件夹,407000Name,,407000Text,13,,,,999,,1,400,,1
607000,星野休憩文件夹（次品）,607000Name,,407000Text,13,,,,999,,1,200,,1
507001,晚风橘绘文件夹,407001Name,,407001Text,13,,,,999,,1,400,,1
607001,晚风橘绘文件夹（次品）,607001Name,,407001Text,13,,,,999,,1,200,,1
507002,窗边白笺文件夹,407002Name,,407002Text,13,,,,999,,1,400,,1
607002,窗边白笺文件夹（次品）,607002Name,,407002Text,13,,,,999,,1,200,,1
507003,青空信约文件夹,407003Name,,407003Text,13,,,,999,,1,400,,1
607003,青空信约文件夹（次品）,607003Name,,407003Text,13,,,,999,,1,200,,1
507004,樱花私语文件夹,407004Name,,407004Text,13,,,,999,,1,400,,1
607004,樱花私语文件夹（次品）,607004Name,,407004Text,13,,,,999,,1,200,,1
507005,星轨魔导文件夹,407005Name,,407005Text,13,,,,999,,1,400,,1
607005,星轨魔导文件夹（次品）,607005Name,,407005Text,13,,,,999,,1,200,,1
507006,雾境魔女文件夹,407006Name,,407006Text,13,,,,999,,1,400,,1
607006,雾境魔女文件夹（次品）,607006Name,,407006Text,13,,,,999,,1,200,,1
507007,月光咒印文件夹,407007Name,,407007Text,13,,,,999,,1,400,,1
607007,月光咒印文件夹（次品）,607007Name,,407007Text,13,,,,999,,1,200,,1
507008,冰晶灵使文件夹,407008Name,,407008Text,13,,,,999,,1,400,,1
607008,冰晶灵使文件夹（次品）,607008Name,,407008Text,13,,,,999,,1,200,,1
507009,云间神谕文件夹,407009Name,,407009Text,13,,,,999,,1,400,,1
607009,云间神谕文件夹（次品）,607009Name,,407009Text,13,,,,999,,1,200,,1
507010,课间碎光文件夹,407010Name,,407010Text,13,,,,999,,1,400,,1
607010,课间碎光文件夹（次品）,607010Name,,407010Text,13,,,,999,,1,200,,1
507011,校服晚风文件夹,407011Name,,407011Text,13,,,,999,,1,400,,1
607011,校服晚风文件夹（次品）,607011Name,,407011Text,13,,,,999,,1,200,,1
507012,操场落日文件夹,407012Name,,407012Text,13,,,,999,,1,600,,1
607012,操场落日文件夹（次品）,607012Name,,407012Text,13,,,,999,,1,300,,1
507013,图书馆秘思文件夹,407013Name,,407013Text,13,,,,999,,1,600,,1
607013,图书馆秘思文件夹（次品）,607013Name,,407013Text,13,,,,999,,1,300,,1
507014,天台告白文件夹,407014Name,,407014Text,13,,,,999,,1,600,,1
607014,天台告白文件夹（次品）,607014Name,,407014Text,13,,,,999,,1,300,,1
507015,月下青衫文件夹,407015Name,,407015Text,13,,,,999,,1,600,,1
607015,月下青衫文件夹（次品）,607015Name,,407015Text,13,,,,999,,1,300,,1
507016,桃枝执扇文件夹,407016Name,,407016Text,13,,,,999,,1,600,,1
607016,桃枝执扇文件夹（次品）,607016Name,,407016Text,13,,,,999,,1,300,,1
507017,山河辞赋文件夹,407017Name,,407017Text,13,,,,999,,1,600,,1
607017,山河辞赋文件夹（次品）,607017Name,,407017Text,13,,,,999,,1,300,,1
507018,云袖清欢文件夹,407018Name,,407018Text,13,,,,999,,1,600,,1
607018,云袖清欢文件夹（次品）,607018Name,,407018Text,13,,,,999,,1,300,,1
507019,灯影红笺文件夹,407019Name,,407019Text,13,,,,999,,1,600,,1
607019,灯影红笺文件夹（次品）,607019Name,,407019Text,13,,,,999,,1,300,,1
507020,霓虹战姬文件夹,407020Name,,407020Text,13,,,,999,,1,800,,2
607020,霓虹战姬文件夹（次品）,607020Name,,407020Text,13,,,,999,,1,400,,2
507021,深空巡卫文件夹,407021Name,,407021Text,13,,,,999,,1,800,,2
607021,深空巡卫文件夹（次品）,607021Name,,407021Text,13,,,,999,,1,400,,2
507022,机甲星旅文件夹,407022Name,,407022Text,13,,,,999,,1,800,,2
607022,机甲星旅文件夹（次品）,607022Name,,407022Text,13,,,,999,,1,400,,2
507023,雨夜刃影文件夹,407023Name,,407023Text,13,,,,999,,1,800,,2
607023,雨夜刃影文件夹（次品）,607023Name,,407023Text,13,,,,999,,1,400,,2
507024,虚空战歌文件夹,407024Name,,407024Text,13,,,,999,,1,800,,2
607024,虚空战歌文件夹（次品）,607024Name,,407024Text,13,,,,999,,1,400,,2
507025,猫屿午后文件夹,407025Name,,407025Text,13,,,,999,,1,800,,2
607025,猫屿午后文件夹（次品）,607025Name,,407025Text,13,,,,999,,1,400,,2
507026,雪落狐踪文件夹,407026Name,,407026Text,13,,,,999,,1,1000,,2
607026,雪落狐踪文件夹（次品）,607026Name,,407026Text,13,,,,999,,1,500,,2
507027,深海人鱼文件夹,407027Name,,407027Text,13,,,,999,,1,1000,,2
607027,深海人鱼文件夹（次品）,607027Name,,407027Text,13,,,,999,,1,500,,2
507028,林间萤火文件夹,407028Name,,407028Text,13,,,,999,,1,1000,,2
607028,林间萤火文件夹（次品）,607028Name,,407028Text,13,,,,999,,1,500,,2
507029,浅海碎浪文件夹,407029Name,,407029Text,13,,,,999,,1,1200,,3
607029,浅海碎浪文件夹（次品）,607029Name,,407029Text,13,,,,999,,1,600,,3
508000,星野休憩挂轴,408000Name,,408000Text,13,,,,999,,1,400,,1
608000,星野休憩挂轴（次品）,608000Name,,408000Text,13,,,,999,,1,200,,1
508001,晚风橘绘挂轴,408001Name,,408001Text,13,,,,999,,1,400,,1
608001,晚风橘绘挂轴（次品）,608001Name,,408001Text,13,,,,999,,1,200,,1
508002,窗边白笺挂轴,408002Name,,408002Text,13,,,,999,,1,400,,1
608002,窗边白笺挂轴（次品）,608002Name,,408002Text,13,,,,999,,1,200,,1
508003,青空信约挂轴,408003Name,,408003Text,13,,,,999,,1,400,,1
608003,青空信约挂轴（次品）,608003Name,,408003Text,13,,,,999,,1,200,,1
508004,樱花私语挂轴,408004Name,,408004Text,13,,,,999,,1,400,,1
608004,樱花私语挂轴（次品）,608004Name,,408004Text,13,,,,999,,1,200,,1
508005,星轨魔导挂轴,408005Name,,408005Text,13,,,,999,,1,400,,1
608005,星轨魔导挂轴（次品）,608005Name,,408005Text,13,,,,999,,1,200,,1
508006,雾境魔女挂轴,408006Name,,408006Text,13,,,,999,,1,400,,1
608006,雾境魔女挂轴（次品）,608006Name,,408006Text,13,,,,999,,1,200,,1
508007,月光咒印挂轴,408007Name,,408007Text,13,,,,999,,1,400,,1
608007,月光咒印挂轴（次品）,608007Name,,408007Text,13,,,,999,,1,200,,1
508008,冰晶灵使挂轴,408008Name,,408008Text,13,,,,999,,1,400,,1
608008,冰晶灵使挂轴（次品）,608008Name,,408008Text,13,,,,999,,1,200,,1
508009,云间神谕挂轴,408009Name,,408009Text,13,,,,999,,1,400,,1
608009,云间神谕挂轴（次品）,608009Name,,408009Text,13,,,,999,,1,200,,1
508010,课间碎光挂轴,408010Name,,408010Text,13,,,,999,,1,400,,1
608010,课间碎光挂轴（次品）,608010Name,,408010Text,13,,,,999,,1,200,,1
508011,校服晚风挂轴,408011Name,,408011Text,13,,,,999,,1,400,,1
608011,校服晚风挂轴（次品）,608011Name,,408011Text,13,,,,999,,1,200,,1
508012,操场落日挂轴,408012Name,,408012Text,13,,,,999,,1,600,,1
608012,操场落日挂轴（次品）,608012Name,,408012Text,13,,,,999,,1,300,,1
508013,图书馆秘思挂轴,408013Name,,408013Text,13,,,,999,,1,600,,1
608013,图书馆秘思挂轴（次品）,608013Name,,408013Text,13,,,,999,,1,300,,1
508014,天台告白挂轴,408014Name,,408014Text,13,,,,999,,1,600,,1
608014,天台告白挂轴（次品）,608014Name,,408014Text,13,,,,999,,1,300,,1
508015,月下青衫挂轴,408015Name,,408015Text,13,,,,999,,1,600,,1
608015,月下青衫挂轴（次品）,608015Name,,408015Text,13,,,,999,,1,300,,1
508016,桃枝执扇挂轴,408016Name,,408016Text,13,,,,999,,1,600,,1
608016,桃枝执扇挂轴（次品）,608016Name,,408016Text,13,,,,999,,1,300,,1
508017,山河辞赋挂轴,408017Name,,408017Text,13,,,,999,,1,600,,1
608017,山河辞赋挂轴（次品）,608017Name,,408017Text,13,,,,999,,1,300,,1
508018,云袖清欢挂轴,408018Name,,408018Text,13,,,,999,,1,600,,1
608018,云袖清欢挂轴（次品）,608018Name,,408018Text,13,,,,999,,1,300,,1
508019,灯影红笺挂轴,408019Name,,408019Text,13,,,,999,,1,600,,1
608019,灯影红笺挂轴（次品）,608019Name,,408019Text,13,,,,999,,1,300,,1
508020,霓虹战姬挂轴,408020Name,,408020Text,13,,,,999,,1,800,,2
608020,霓虹战姬挂轴（次品）,608020Name,,408020Text,13,,,,999,,1,400,,2
508021,深空巡卫挂轴,408021Name,,408021Text,13,,,,999,,1,800,,2
608021,深空巡卫挂轴（次品）,608021Name,,408021Text,13,,,,999,,1,400,,2
508022,机甲星旅挂轴,408022Name,,408022Text,13,,,,999,,1,800,,2
608022,机甲星旅挂轴（次品）,608022Name,,408022Text,13,,,,999,,1,400,,2
508023,雨夜刃影挂轴,408023Name,,408023Text,13,,,,999,,1,800,,2
608023,雨夜刃影挂轴（次品）,608023Name,,408023Text,13,,,,999,,1,400,,2
508024,虚空战歌挂轴,408024Name,,408024Text,13,,,,999,,1,800,,2
608024,虚空战歌挂轴（次品）,608024Name,,408024Text,13,,,,999,,1,400,,2
508025,猫屿午后挂轴,408025Name,,408025Text,13,,,,999,,1,800,,2
608025,猫屿午后挂轴（次品）,608025Name,,408025Text,13,,,,999,,1,400,,2
508026,雪落狐踪挂轴,408026Name,,408026Text,13,,,,999,,1,1000,,2
608026,雪落狐踪挂轴（次品）,608026Name,,408026Text,13,,,,999,,1,500,,2
508027,深海人鱼挂轴,408027Name,,408027Text,13,,,,999,,1,1000,,2
608027,深海人鱼挂轴（次品）,608027Name,,408027Text,13,,,,999,,1,500,,2
508028,林间萤火挂轴,408028Name,,408028Text,13,,,,999,,1,1000,,2
608028,林间萤火挂轴（次品）,608028Name,,408028Text,13,,,,999,,1,500,,2
508029,浅海碎浪挂轴,408029Name,,408029Text,13,,,,999,,1,1200,,3
608029,浅海碎浪挂轴（次品）,608029Name,,408029Text,13,,,,999,,1,600,,3
509000,星野休憩海报,409000Name,,409000Text,13,,,,999,,1,400,,1
609000,星野休憩海报（次品）,609000Name,,409000Text,13,,,,999,,1,200,,1
509001,晚风橘绘海报,409001Name,,409001Text,13,,,,999,,1,400,,1
609001,晚风橘绘海报（次品）,609001Name,,409001Text,13,,,,999,,1,200,,1
509002,窗边白笺海报,409002Name,,409002Text,13,,,,999,,1,400,,1
609002,窗边白笺海报（次品）,609002Name,,409002Text,13,,,,999,,1,200,,1
509003,青空信约海报,409003Name,,409003Text,13,,,,999,,1,400,,1
609003,青空信约海报（次品）,609003Name,,409003Text,13,,,,999,,1,200,,1
509004,樱花私语海报,409004Name,,409004Text,13,,,,999,,1,400,,1
609004,樱花私语海报（次品）,609004Name,,409004Text,13,,,,999,,1,200,,1
509005,星轨魔导海报,409005Name,,409005Text,13,,,,999,,1,400,,1
609005,星轨魔导海报（次品）,609005Name,,409005Text,13,,,,999,,1,200,,1
509006,雾境魔女海报,409006Name,,409006Text,13,,,,999,,1,400,,1
609006,雾境魔女海报（次品）,609006Name,,409006Text,13,,,,999,,1,200,,1
509007,月光咒印海报,409007Name,,409007Text,13,,,,999,,1,400,,1
609007,月光咒印海报（次品）,609007Name,,409007Text,13,,,,999,,1,200,,1
509008,冰晶灵使海报,409008Name,,409008Text,13,,,,999,,1,400,,1
609008,冰晶灵使海报（次品）,609008Name,,409008Text,13,,,,999,,1,200,,1
509009,云间神谕海报,409009Name,,409009Text,13,,,,999,,1,400,,1
609009,云间神谕海报（次品）,609009Name,,409009Text,13,,,,999,,1,200,,1
509010,课间碎光海报,409010Name,,409010Text,13,,,,999,,1,400,,1
609010,课间碎光海报（次品）,609010Name,,409010Text,13,,,,999,,1,200,,1
509011,校服晚风海报,409011Name,,409011Text,13,,,,999,,1,400,,1
609011,校服晚风海报（次品）,609011Name,,409011Text,13,,,,999,,1,200,,1
509012,操场落日海报,409012Name,,409012Text,13,,,,999,,1,600,,1
609012,操场落日海报（次品）,609012Name,,409012Text,13,,,,999,,1,300,,1
509013,图书馆秘思海报,409013Name,,409013Text,13,,,,999,,1,600,,1
609013,图书馆秘思海报（次品）,609013Name,,409013Text,13,,,,999,,1,300,,1
509014,天台告白海报,409014Name,,409014Text,13,,,,999,,1,600,,1
609014,天台告白海报（次品）,609014Name,,409014Text,13,,,,999,,1,300,,1
509015,月下青衫海报,409015Name,,409015Text,13,,,,999,,1,600,,1
609015,月下青衫海报（次品）,609015Name,,409015Text,13,,,,999,,1,300,,1
509016,桃枝执扇海报,409016Name,,409016Text,13,,,,999,,1,600,,1
609016,桃枝执扇海报（次品）,609016Name,,409016Text,13,,,,999,,1,300,,1
509017,山河辞赋海报,409017Name,,409017Text,13,,,,999,,1,600,,1
609017,山河辞赋海报（次品）,609017Name,,409017Text,13,,,,999,,1,300,,1
509018,云袖清欢海报,409018Name,,409018Text,13,,,,999,,1,600,,1
609018,云袖清欢海报（次品）,609018Name,,409018Text,13,,,,999,,1,300,,1
509019,灯影红笺海报,409019Name,,409019Text,13,,,,999,,1,600,,1
609019,灯影红笺海报（次品）,609019Name,,409019Text,13,,,,999,,1,300,,1
509020,霓虹战姬海报,409020Name,,409020Text,13,,,,999,,1,800,,2
609020,霓虹战姬海报（次品）,609020Name,,409020Text,13,,,,999,,1,400,,2
509021,深空巡卫海报,409021Name,,409021Text,13,,,,999,,1,800,,2
609021,深空巡卫海报（次品）,609021Name,,409021Text,13,,,,999,,1,400,,2
509022,机甲星旅海报,409022Name,,409022Text,13,,,,999,,1,800,,2
609022,机甲星旅海报（次品）,609022Name,,409022Text,13,,,,999,,1,400,,2
509023,雨夜刃影海报,409023Name,,409023Text,13,,,,999,,1,800,,2
609023,雨夜刃影海报（次品）,609023Name,,409023Text,13,,,,999,,1,400,,2
509024,虚空战歌海报,409024Name,,409024Text,13,,,,999,,1,800,,2
609024,虚空战歌海报（次品）,609024Name,,409024Text,13,,,,999,,1,400,,2
509025,猫屿午后海报,409025Name,,409025Text,13,,,,999,,1,800,,2
609025,猫屿午后海报（次品）,609025Name,,409025Text,13,,,,999,,1,400,,2
509026,雪落狐踪海报,409026Name,,409026Text,13,,,,999,,1,1000,,2
609026,雪落狐踪海报（次品）,609026Name,,409026Text,13,,,,999,,1,500,,2
509027,深海人鱼海报,409027Name,,409027Text,13,,,,999,,1,1000,,2
609027,深海人鱼海报（次品）,609027Name,,409027Text,13,,,,999,,1,500,,2
509028,林间萤火海报,409028Name,,409028Text,13,,,,999,,1,1000,,2
609028,林间萤火海报（次品）,609028Name,,409028Text,13,,,,999,,1,500,,2
509029,浅海碎浪海报,409029Name,,409029Text,13,,,,999,,1,1200,,3
609029,浅海碎浪海报（次品）,609029Name,,409029Text,13,,,,999,,1,600,,3
510000,星野休憩镭射票,410000Name,,410000Text,13,,,,999,,1,400,,1
610000,星野休憩镭射票（次品）,610000Name,,410000Text,13,,,,999,,1,200,,1
510001,晚风橘绘镭射票,410001Name,,410001Text,13,,,,999,,1,400,,1
610001,晚风橘绘镭射票（次品）,610001Name,,410001Text,13,,,,999,,1,200,,1
510002,窗边白笺镭射票,410002Name,,410002Text,13,,,,999,,1,400,,1
610002,窗边白笺镭射票（次品）,610002Name,,410002Text,13,,,,999,,1,200,,1
510003,青空信约镭射票,410003Name,,410003Text,13,,,,999,,1,400,,1
610003,青空信约镭射票（次品）,610003Name,,410003Text,13,,,,999,,1,200,,1
510004,樱花私语镭射票,410004Name,,410004Text,13,,,,999,,1,400,,1
610004,樱花私语镭射票（次品）,610004Name,,410004Text,13,,,,999,,1,200,,1
510005,星轨魔导镭射票,410005Name,,410005Text,13,,,,999,,1,400,,1
610005,星轨魔导镭射票（次品）,610005Name,,410005Text,13,,,,999,,1,200,,1
510006,雾境魔女镭射票,410006Name,,410006Text,13,,,,999,,1,400,,1
610006,雾境魔女镭射票（次品）,610006Name,,410006Text,13,,,,999,,1,200,,1
510007,月光咒印镭射票,410007Name,,410007Text,13,,,,999,,1,400,,1
610007,月光咒印镭射票（次品）,610007Name,,410007Text,13,,,,999,,1,200,,1
510008,冰晶灵使镭射票,410008Name,,410008Text,13,,,,999,,1,400,,1
610008,冰晶灵使镭射票（次品）,610008Name,,410008Text,13,,,,999,,1,200,,1
510009,云间神谕镭射票,410009Name,,410009Text,13,,,,999,,1,400,,1
610009,云间神谕镭射票（次品）,610009Name,,410009Text,13,,,,999,,1,200,,1
510010,课间碎光镭射票,410010Name,,410010Text,13,,,,999,,1,400,,1
610010,课间碎光镭射票（次品）,610010Name,,410010Text,13,,,,999,,1,200,,1
510011,校服晚风镭射票,410011Name,,410011Text,13,,,,999,,1,400,,1
610011,校服晚风镭射票（次品）,610011Name,,410011Text,13,,,,999,,1,200,,1
510012,操场落日镭射票,410012Name,,410012Text,13,,,,999,,1,600,,1
610012,操场落日镭射票（次品）,610012Name,,410012Text,13,,,,999,,1,300,,1
510013,图书馆秘思镭射票,410013Name,,410013Text,13,,,,999,,1,600,,1
610013,图书馆秘思镭射票（次品）,610013Name,,410013Text,13,,,,999,,1,300,,1
510014,天台告白镭射票,410014Name,,410014Text,13,,,,999,,1,600,,1
610014,天台告白镭射票（次品）,610014Name,,410014Text,13,,,,999,,1,300,,1
510015,月下青衫镭射票,410015Name,,410015Text,13,,,,999,,1,600,,1
610015,月下青衫镭射票（次品）,610015Name,,410015Text,13,,,,999,,1,300,,1
510016,桃枝执扇镭射票,410016Name,,410016Text,13,,,,999,,1,600,,1
610016,桃枝执扇镭射票（次品）,610016Name,,410016Text,13,,,,999,,1,300,,1
510017,山河辞赋镭射票,410017Name,,410017Text,13,,,,999,,1,600,,1
610017,山河辞赋镭射票（次品）,610017Name,,410017Text,13,,,,999,,1,300,,1
510018,云袖清欢镭射票,410018Name,,410018Text,13,,,,999,,1,600,,1
610018,云袖清欢镭射票（次品）,610018Name,,410018Text,13,,,,999,,1,300,,1
510019,灯影红笺镭射票,410019Name,,410019Text,13,,,,999,,1,600,,1
610019,灯影红笺镭射票（次品）,610019Name,,410019Text,13,,,,999,,1,300,,1
510020,霓虹战姬镭射票,410020Name,,410020Text,13,,,,999,,1,800,,2
610020,霓虹战姬镭射票（次品）,610020Name,,410020Text,13,,,,999,,1,400,,2
510021,深空巡卫镭射票,410021Name,,410021Text,13,,,,999,,1,800,,2
610021,深空巡卫镭射票（次品）,610021Name,,410021Text,13,,,,999,,1,400,,2
510022,机甲星旅镭射票,410022Name,,410022Text,13,,,,999,,1,800,,2
610022,机甲星旅镭射票（次品）,610022Name,,410022Text,13,,,,999,,1,400,,2
510023,雨夜刃影镭射票,410023Name,,410023Text,13,,,,999,,1,800,,2
610023,雨夜刃影镭射票（次品）,610023Name,,410023Text,13,,,,999,,1,400,,2
510024,虚空战歌镭射票,410024Name,,410024Text,13,,,,999,,1,800,,2
610024,虚空战歌镭射票（次品）,610024Name,,410024Text,13,,,,999,,1,400,,2
510025,猫屿午后镭射票,410025Name,,410025Text,13,,,,999,,1,800,,2
610025,猫屿午后镭射票（次品）,610025Name,,410025Text,13,,,,999,,1,400,,2
510026,雪落狐踪镭射票,410026Name,,410026Text,13,,,,999,,1,1000,,2
610026,雪落狐踪镭射票（次品）,610026Name,,410026Text,13,,,,999,,1,500,,2
510027,深海人鱼镭射票,410027Name,,410027Text,13,,,,999,,1,1000,,2
610027,深海人鱼镭射票（次品）,610027Name,,410027Text,13,,,,999,,1,500,,2
510028,林间萤火镭射票,410028Name,,410028Text,13,,,,999,,1,1000,,2
610028,林间萤火镭射票（次品）,610028Name,,410028Text,13,,,,999,,1,500,,2
510029,浅海碎浪镭射票,410029Name,,410029Text,13,,,,999,,1,1200,,3
610029,浅海碎浪镭射票（次品）,610029Name,,410029Text,13,,,,999,,1,600,,3
511000,星野休憩手机壳,411000Name,,411000Text,13,,,,999,,1,400,,1
611000,星野休憩手机壳（次品）,611000Name,,411000Text,13,,,,999,,1,200,,1
511001,晚风橘绘手机壳,411001Name,,411001Text,13,,,,999,,1,400,,1
611001,晚风橘绘手机壳（次品）,611001Name,,411001Text,13,,,,999,,1,200,,1
511002,窗边白笺手机壳,411002Name,,411002Text,13,,,,999,,1,400,,1
611002,窗边白笺手机壳（次品）,611002Name,,411002Text,13,,,,999,,1,200,,1
511003,青空信约手机壳,411003Name,,411003Text,13,,,,999,,1,400,,1
611003,青空信约手机壳（次品）,611003Name,,411003Text,13,,,,999,,1,200,,1
511004,樱花私语手机壳,411004Name,,411004Text,13,,,,999,,1,400,,1
611004,樱花私语手机壳（次品）,611004Name,,411004Text,13,,,,999,,1,200,,1
511005,星轨魔导手机壳,411005Name,,411005Text,13,,,,999,,1,400,,1
611005,星轨魔导手机壳（次品）,611005Name,,411005Text,13,,,,999,,1,200,,1
511006,雾境魔女手机壳,411006Name,,411006Text,13,,,,999,,1,400,,1
611006,雾境魔女手机壳（次品）,611006Name,,411006Text,13,,,,999,,1,200,,1
511007,月光咒印手机壳,411007Name,,411007Text,13,,,,999,,1,400,,1
611007,月光咒印手机壳（次品）,611007Name,,411007Text,13,,,,999,,1,200,,1
511008,冰晶灵使手机壳,411008Name,,411008Text,13,,,,999,,1,400,,1
611008,冰晶灵使手机壳（次品）,611008Name,,411008Text,13,,,,999,,1,200,,1
511009,云间神谕手机壳,411009Name,,411009Text,13,,,,999,,1,400,,1
611009,云间神谕手机壳（次品）,611009Name,,411009Text,13,,,,999,,1,200,,1
511010,课间碎光手机壳,411010Name,,411010Text,13,,,,999,,1,400,,1
611010,课间碎光手机壳（次品）,611010Name,,411010Text,13,,,,999,,1,200,,1
511011,校服晚风手机壳,411011Name,,411011Text,13,,,,999,,1,400,,1
611011,校服晚风手机壳（次品）,611011Name,,411011Text,13,,,,999,,1,200,,1
511012,操场落日手机壳,411012Name,,411012Text,13,,,,999,,1,600,,1
611012,操场落日手机壳（次品）,611012Name,,411012Text,13,,,,999,,1,300,,1
511013,图书馆秘思手机壳,411013Name,,411013Text,13,,,,999,,1,600,,1
611013,图书馆秘思手机壳（次品）,611013Name,,411013Text,13,,,,999,,1,300,,1
511014,天台告白手机壳,411014Name,,411014Text,13,,,,999,,1,600,,1
611014,天台告白手机壳（次品）,611014Name,,411014Text,13,,,,999,,1,300,,1
511015,月下青衫手机壳,411015Name,,411015Text,13,,,,999,,1,600,,1
611015,月下青衫手机壳（次品）,611015Name,,411015Text,13,,,,999,,1,300,,1
511016,桃枝执扇手机壳,411016Name,,411016Text,13,,,,999,,1,600,,1
611016,桃枝执扇手机壳（次品）,611016Name,,411016Text,13,,,,999,,1,300,,1
511017,山河辞赋手机壳,411017Name,,411017Text,13,,,,999,,1,600,,1
611017,山河辞赋手机壳（次品）,611017Name,,411017Text,13,,,,999,,1,300,,1
511018,云袖清欢手机壳,411018Name,,411018Text,13,,,,999,,1,600,,1
611018,云袖清欢手机壳（次品）,611018Name,,411018Text,13,,,,999,,1,300,,1
511019,灯影红笺手机壳,411019Name,,411019Text,13,,,,999,,1,600,,1
611019,灯影红笺手机壳（次品）,611019Name,,411019Text,13,,,,999,,1,300,,1
511020,霓虹战姬手机壳,411020Name,,411020Text,13,,,,999,,1,800,,2
611020,霓虹战姬手机壳（次品）,611020Name,,411020Text,13,,,,999,,1,400,,2
511021,深空巡卫手机壳,411021Name,,411021Text,13,,,,999,,1,800,,2
611021,深空巡卫手机壳（次品）,611021Name,,411021Text,13,,,,999,,1,400,,2
511022,机甲星旅手机壳,411022Name,,411022Text,13,,,,999,,1,800,,2
611022,机甲星旅手机壳（次品）,611022Name,,411022Text,13,,,,999,,1,400,,2
511023,雨夜刃影手机壳,411023Name,,411023Text,13,,,,999,,1,800,,2
611023,雨夜刃影手机壳（次品）,611023Name,,411023Text,13,,,,999,,1,400,,2
511024,虚空战歌手机壳,411024Name,,411024Text,13,,,,999,,1,800,,2
611024,虚空战歌手机壳（次品）,611024Name,,411024Text,13,,,,999,,1,400,,2
511025,猫屿午后手机壳,411025Name,,411025Text,13,,,,999,,1,800,,2
611025,猫屿午后手机壳（次品）,611025Name,,411025Text,13,,,,999,,1,400,,2
511026,雪落狐踪手机壳,411026Name,,411026Text,13,,,,999,,1,1000,,2
611026,雪落狐踪手机壳（次品）,611026Name,,411026Text,13,,,,999,,1,500,,2
511027,深海人鱼手机壳,411027Name,,411027Text,13,,,,999,,1,1000,,2
611027,深海人鱼手机壳（次品）,611027Name,,411027Text,13,,,,999,,1,500,,2
511028,林间萤火手机壳,411028Name,,411028Text,13,,,,999,,1,1000,,2
611028,林间萤火手机壳（次品）,611028Name,,411028Text,13,,,,999,,1,500,,2
511029,浅海碎浪手机壳,411029Name,,411029Text,13,,,,999,,1,1200,,3
611029,浅海碎浪手机壳（次品）,611029Name,,411029Text,13,,,,999,,1,600,,3
512000,星野休憩贴纸,412000Name,,412000Text,13,,,,999,,1,400,,1
612000,星野休憩贴纸（次品）,612000Name,,412000Text,13,,,,999,,1,200,,1
512001,晚风橘绘贴纸,412001Name,,412001Text,13,,,,999,,1,400,,1
612001,晚风橘绘贴纸（次品）,612001Name,,412001Text,13,,,,999,,1,200,,1
512002,窗边白笺贴纸,412002Name,,412002Text,13,,,,999,,1,400,,1
612002,窗边白笺贴纸（次品）,612002Name,,412002Text,13,,,,999,,1,200,,1
512003,青空信约贴纸,412003Name,,412003Text,13,,,,999,,1,400,,1
612003,青空信约贴纸（次品）,612003Name,,412003Text,13,,,,999,,1,200,,1
512004,樱花私语贴纸,412004Name,,412004Text,13,,,,999,,1,400,,1
612004,樱花私语贴纸（次品）,612004Name,,412004Text,13,,,,999,,1,200,,1
512005,星轨魔导贴纸,412005Name,,412005Text,13,,,,999,,1,400,,1
612005,星轨魔导贴纸（次品）,612005Name,,412005Text,13,,,,999,,1,200,,1
512006,雾境魔女贴纸,412006Name,,412006Text,13,,,,999,,1,400,,1
612006,雾境魔女贴纸（次品）,612006Name,,412006Text,13,,,,999,,1,200,,1
512007,月光咒印贴纸,412007Name,,412007Text,13,,,,999,,1,400,,1
612007,月光咒印贴纸（次品）,612007Name,,412007Text,13,,,,999,,1,200,,1
512008,冰晶灵使贴纸,412008Name,,412008Text,13,,,,999,,1,400,,1
612008,冰晶灵使贴纸（次品）,612008Name,,412008Text,13,,,,999,,1,200,,1
512009,云间神谕贴纸,412009Name,,412009Text,13,,,,999,,1,400,,1
612009,云间神谕贴纸（次品）,612009Name,,412009Text,13,,,,999,,1,200,,1
512010,课间碎光贴纸,412010Name,,412010Text,13,,,,999,,1,400,,1
612010,课间碎光贴纸（次品）,612010Name,,412010Text,13,,,,999,,1,200,,1
512011,校服晚风贴纸,412011Name,,412011Text,13,,,,999,,1,400,,1
612011,校服晚风贴纸（次品）,612011Name,,412011Text,13,,,,999,,1,200,,1
512012,操场落日贴纸,412012Name,,412012Text,13,,,,999,,1,600,,1
612012,操场落日贴纸（次品）,612012Name,,412012Text,13,,,,999,,1,300,,1
512013,图书馆秘思贴纸,412013Name,,412013Text,13,,,,999,,1,600,,1
612013,图书馆秘思贴纸（次品）,612013Name,,412013Text,13,,,,999,,1,300,,1
512014,天台告白贴纸,412014Name,,412014Text,13,,,,999,,1,600,,1
612014,天台告白贴纸（次品）,612014Name,,412014Text,13,,,,999,,1,300,,1
512015,月下青衫贴纸,412015Name,,412015Text,13,,,,999,,1,600,,1
612015,月下青衫贴纸（次品）,612015Name,,412015Text,13,,,,999,,1,300,,1
512016,桃枝执扇贴纸,412016Name,,412016Text,13,,,,999,,1,600,,1
612016,桃枝执扇贴纸（次品）,612016Name,,412016Text,13,,,,999,,1,300,,1
512017,山河辞赋贴纸,412017Name,,412017Text,13,,,,999,,1,600,,1
612017,山河辞赋贴纸（次品）,612017Name,,412017Text,13,,,,999,,1,300,,1
512018,云袖清欢贴纸,412018Name,,412018Text,13,,,,999,,1,600,,1
612018,云袖清欢贴纸（次品）,612018Name,,412018Text,13,,,,999,,1,300,,1
512019,灯影红笺贴纸,412019Name,,412019Text,13,,,,999,,1,600,,1
612019,灯影红笺贴纸（次品）,612019Name,,412019Text,13,,,,999,,1,300,,1
512020,霓虹战姬贴纸,412020Name,,412020Text,13,,,,999,,1,800,,2
612020,霓虹战姬贴纸（次品）,612020Name,,412020Text,13,,,,999,,1,400,,2
512021,深空巡卫贴纸,412021Name,,412021Text,13,,,,999,,1,800,,2
612021,深空巡卫贴纸（次品）,612021Name,,412021Text,13,,,,999,,1,400,,2
512022,机甲星旅贴纸,412022Name,,412022Text,13,,,,999,,1,800,,2
612022,机甲星旅贴纸（次品）,612022Name,,412022Text,13,,,,999,,1,400,,2
512023,雨夜刃影贴纸,412023Name,,412023Text,13,,,,999,,1,800,,2
612023,雨夜刃影贴纸（次品）,612023Name,,412023Text,13,,,,999,,1,400,,2
512024,虚空战歌贴纸,412024Name,,412024Text,13,,,,999,,1,800,,2
612024,虚空战歌贴纸（次品）,612024Name,,412024Text,13,,,,999,,1,400,,2
512025,猫屿午后贴纸,412025Name,,412025Text,13,,,,999,,1,800,,2
612025,猫屿午后贴纸（次品）,612025Name,,412025Text,13,,,,999,,1,400,,2
512026,雪落狐踪贴纸,412026Name,,412026Text,13,,,,999,,1,1000,,2
612026,雪落狐踪贴纸（次品）,612026Name,,412026Text,13,,,,999,,1,500,,2
512027,深海人鱼贴纸,412027Name,,412027Text,13,,,,999,,1,1000,,2
612027,深海人鱼贴纸（次品）,612027Name,,412027Text,13,,,,999,,1,500,,2
512028,林间萤火贴纸,412028Name,,412028Text,13,,,,999,,1,1000,,2
612028,林间萤火贴纸（次品）,612028Name,,412028Text,13,,,,999,,1,500,,2
512029,浅海碎浪贴纸,412029Name,,412029Text,13,,,,999,,1,1200,,3
612029,浅海碎浪贴纸（次品）,612029Name,,412029Text,13,,,,999,,1,600,,3
513000,星野休憩本子,413000Name,,413000Text,13,,,,999,,1,400,,1
613000,星野休憩本子（次品）,613000Name,,413000Text,13,,,,999,,1,200,,1
513001,晚风橘绘本子,413001Name,,413001Text,13,,,,999,,1,400,,1
613001,晚风橘绘本子（次品）,613001Name,,413001Text,13,,,,999,,1,200,,1
513002,窗边白笺本子,413002Name,,413002Text,13,,,,999,,1,400,,1
613002,窗边白笺本子（次品）,613002Name,,413002Text,13,,,,999,,1,200,,1
513003,青空信约本子,413003Name,,413003Text,13,,,,999,,1,400,,1
613003,青空信约本子（次品）,613003Name,,413003Text,13,,,,999,,1,200,,1
513004,樱花私语本子,413004Name,,413004Text,13,,,,999,,1,400,,1
613004,樱花私语本子（次品）,613004Name,,413004Text,13,,,,999,,1,200,,1
513005,星轨魔导本子,413005Name,,413005Text,13,,,,999,,1,400,,1
613005,星轨魔导本子（次品）,613005Name,,413005Text,13,,,,999,,1,200,,1
513006,雾境魔女本子,413006Name,,413006Text,13,,,,999,,1,400,,1
613006,雾境魔女本子（次品）,613006Name,,413006Text,13,,,,999,,1,200,,1
513007,月光咒印本子,413007Name,,413007Text,13,,,,999,,1,400,,1
613007,月光咒印本子（次品）,613007Name,,413007Text,13,,,,999,,1,200,,1
513008,冰晶灵使本子,413008Name,,413008Text,13,,,,999,,1,400,,1
613008,冰晶灵使本子（次品）,613008Name,,413008Text,13,,,,999,,1,200,,1
513009,云间神谕本子,413009Name,,413009Text,13,,,,999,,1,400,,1
613009,云间神谕本子（次品）,613009Name,,413009Text,13,,,,999,,1,200,,1
513010,课间碎光本子,413010Name,,413010Text,13,,,,999,,1,400,,1
613010,课间碎光本子（次品）,613010Name,,413010Text,13,,,,999,,1,200,,1
513011,校服晚风本子,413011Name,,413011Text,13,,,,999,,1,400,,1
613011,校服晚风本子（次品）,613011Name,,413011Text,13,,,,999,,1,200,,1
513012,操场落日本子,413012Name,,413012Text,13,,,,999,,1,600,,1
613012,操场落日本子（次品）,613012Name,,413012Text,13,,,,999,,1,300,,1
513013,图书馆秘思本子,413013Name,,413013Text,13,,,,999,,1,600,,1
613013,图书馆秘思本子（次品）,613013Name,,413013Text,13,,,,999,,1,300,,1
513014,天台告白本子,413014Name,,413014Text,13,,,,999,,1,600,,1
613014,天台告白本子（次品）,613014Name,,413014Text,13,,,,999,,1,300,,1
513015,月下青衫本子,413015Name,,413015Text,13,,,,999,,1,600,,1
613015,月下青衫本子（次品）,613015Name,,413015Text,13,,,,999,,1,300,,1
513016,桃枝执扇本子,413016Name,,413016Text,13,,,,999,,1,600,,1
613016,桃枝执扇本子（次品）,613016Name,,413016Text,13,,,,999,,1,300,,1
513017,山河辞赋本子,413017Name,,413017Text,13,,,,999,,1,600,,1
613017,山河辞赋本子（次品）,613017Name,,413017Text,13,,,,999,,1,300,,1
513018,云袖清欢本子,413018Name,,413018Text,13,,,,999,,1,600,,1
613018,云袖清欢本子（次品）,613018Name,,413018Text,13,,,,999,,1,300,,1
513019,灯影红笺本子,413019Name,,413019Text,13,,,,999,,1,600,,1
613019,灯影红笺本子（次品）,613019Name,,413019Text,13,,,,999,,1,300,,1
513020,霓虹战姬本子,413020Name,,413020Text,13,,,,999,,1,800,,2
613020,霓虹战姬本子（次品）,613020Name,,413020Text,13,,,,999,,1,400,,2
513021,深空巡卫本子,413021Name,,413021Text,13,,,,999,,1,800,,2
613021,深空巡卫本子（次品）,613021Name,,413021Text,13,,,,999,,1,400,,2
513022,机甲星旅本子,413022Name,,413022Text,13,,,,999,,1,800,,2
613022,机甲星旅本子（次品）,613022Name,,413022Text,13,,,,999,,1,400,,2
513023,雨夜刃影本子,413023Name,,413023Text,13,,,,999,,1,800,,2
613023,雨夜刃影本子（次品）,613023Name,,413023Text,13,,,,999,,1,400,,2
513024,虚空战歌本子,413024Name,,413024Text,13,,,,999,,1,800,,2
613024,虚空战歌本子（次品）,613024Name,,413024Text,13,,,,999,,1,400,,2
513025,猫屿午后本子,413025Name,,413025Text,13,,,,999,,1,800,,2
613025,猫屿午后本子（次品）,613025Name,,413025Text,13,,,,999,,1,400,,2
513026,雪落狐踪本子,413026Name,,413026Text,13,,,,999,,1,1000,,2
613026,雪落狐踪本子（次品）,613026Name,,413026Text,13,,,,999,,1,500,,2
513027,深海人鱼本子,413027Name,,413027Text,13,,,,999,,1,1000,,2
613027,深海人鱼本子（次品）,613027Name,,413027Text,13,,,,999,,1,500,,2
513028,林间萤火本子,413028Name,,413028Text,13,,,,999,,1,1000,,2
613028,林间萤火本子（次品）,613028Name,,413028Text,13,,,,999,,1,500,,2
513029,浅海碎浪本子,413029Name,,413029Text,13,,,,999,,1,1200,,3
613029,浅海碎浪本子（次品）,613029Name,,413029Text,13,,,,999,,1,600,,3
514000,星野休憩钥匙扣,414000Name,,414000Text,13,,,,999,,1,400,,1
614000,星野休憩钥匙扣（次品）,614000Name,,414000Text,13,,,,999,,1,200,,1
514001,晚风橘绘钥匙扣,414001Name,,414001Text,13,,,,999,,1,400,,1
614001,晚风橘绘钥匙扣（次品）,614001Name,,414001Text,13,,,,999,,1,200,,1
514002,窗边白笺钥匙扣,414002Name,,414002Text,13,,,,999,,1,400,,1
614002,窗边白笺钥匙扣（次品）,614002Name,,414002Text,13,,,,999,,1,200,,1
514003,青空信约钥匙扣,414003Name,,414003Text,13,,,,999,,1,400,,1
614003,青空信约钥匙扣（次品）,614003Name,,414003Text,13,,,,999,,1,200,,1
514004,樱花私语钥匙扣,414004Name,,414004Text,13,,,,999,,1,400,,1
614004,樱花私语钥匙扣（次品）,614004Name,,414004Text,13,,,,999,,1,200,,1
514005,星轨魔导钥匙扣,414005Name,,414005Text,13,,,,999,,1,400,,1
614005,星轨魔导钥匙扣（次品）,614005Name,,414005Text,13,,,,999,,1,200,,1
514006,雾境魔女钥匙扣,414006Name,,414006Text,13,,,,999,,1,400,,1
614006,雾境魔女钥匙扣（次品）,614006Name,,414006Text,13,,,,999,,1,200,,1
514007,月光咒印钥匙扣,414007Name,,414007Text,13,,,,999,,1,400,,1
614007,月光咒印钥匙扣（次品）,614007Name,,414007Text,13,,,,999,,1,200,,1
514008,冰晶灵使钥匙扣,414008Name,,414008Text,13,,,,999,,1,400,,1
614008,冰晶灵使钥匙扣（次品）,614008Name,,414008Text,13,,,,999,,1,200,,1
514009,云间神谕钥匙扣,414009Name,,414009Text,13,,,,999,,1,400,,1
614009,云间神谕钥匙扣（次品）,614009Name,,414009Text,13,,,,999,,1,200,,1
514010,课间碎光钥匙扣,414010Name,,414010Text,13,,,,999,,1,400,,1
614010,课间碎光钥匙扣（次品）,614010Name,,414010Text,13,,,,999,,1,200,,1
514011,校服晚风钥匙扣,414011Name,,414011Text,13,,,,999,,1,400,,1
614011,校服晚风钥匙扣（次品）,614011Name,,414011Text,13,,,,999,,1,200,,1
514012,操场落日钥匙扣,414012Name,,414012Text,13,,,,999,,1,600,,1
614012,操场落日钥匙扣（次品）,614012Name,,414012Text,13,,,,999,,1,300,,1
514013,图书馆秘思钥匙扣,414013Name,,414013Text,13,,,,999,,1,600,,1
614013,图书馆秘思钥匙扣（次品）,614013Name,,414013Text,13,,,,999,,1,300,,1
514014,天台告白钥匙扣,414014Name,,414014Text,13,,,,999,,1,600,,1
614014,天台告白钥匙扣（次品）,614014Name,,414014Text,13,,,,999,,1,300,,1
514015,月下青衫钥匙扣,414015Name,,414015Text,13,,,,999,,1,600,,1
614015,月下青衫钥匙扣（次品）,614015Name,,414015Text,13,,,,999,,1,300,,1
514016,桃枝执扇钥匙扣,414016Name,,414016Text,13,,,,999,,1,600,,1
614016,桃枝执扇钥匙扣（次品）,614016Name,,414016Text,13,,,,999,,1,300,,1
514017,山河辞赋钥匙扣,414017Name,,414017Text,13,,,,999,,1,600,,1
614017,山河辞赋钥匙扣（次品）,614017Name,,414017Text,13,,,,999,,1,300,,1
514018,云袖清欢钥匙扣,414018Name,,414018Text,13,,,,999,,1,600,,1
614018,云袖清欢钥匙扣（次品）,614018Name,,414018Text,13,,,,999,,1,300,,1
514019,灯影红笺钥匙扣,414019Name,,414019Text,13,,,,999,,1,600,,1
614019,灯影红笺钥匙扣（次品）,614019Name,,414019Text,13,,,,999,,1,300,,1
514020,霓虹战姬钥匙扣,414020Name,,414020Text,13,,,,999,,1,800,,2
614020,霓虹战姬钥匙扣（次品）,614020Name,,414020Text,13,,,,999,,1,400,,2
514021,深空巡卫钥匙扣,414021Name,,414021Text,13,,,,999,,1,800,,2
614021,深空巡卫钥匙扣（次品）,614021Name,,414021Text,13,,,,999,,1,400,,2
514022,机甲星旅钥匙扣,414022Name,,414022Text,13,,,,999,,1,800,,2
614022,机甲星旅钥匙扣（次品）,614022Name,,414022Text,13,,,,999,,1,400,,2
514023,雨夜刃影钥匙扣,414023Name,,414023Text,13,,,,999,,1,800,,2
614023,雨夜刃影钥匙扣（次品）,614023Name,,414023Text,13,,,,999,,1,400,,2
514024,虚空战歌钥匙扣,414024Name,,414024Text,13,,,,999,,1,800,,2
614024,虚空战歌钥匙扣（次品）,614024Name,,414024Text,13,,,,999,,1,400,,2
514025,猫屿午后钥匙扣,414025Name,,414025Text,13,,,,999,,1,800,,2
614025,猫屿午后钥匙扣（次品）,614025Name,,414025Text,13,,,,999,,1,400,,2
514026,雪落狐踪钥匙扣,414026Name,,414026Text,13,,,,999,,1,1000,,2
614026,雪落狐踪钥匙扣（次品）,614026Name,,414026Text,13,,,,999,,1,500,,2
514027,深海人鱼钥匙扣,414027Name,,414027Text,13,,,,999,,1,1000,,2
614027,深海人鱼钥匙扣（次品）,614027Name,,414027Text,13,,,,999,,1,500,,2
514028,林间萤火钥匙扣,414028Name,,414028Text,13,,,,999,,1,1000,,2
614028,林间萤火钥匙扣（次品）,614028Name,,414028Text,13,,,,999,,1,500,,2
514029,浅海碎浪钥匙扣,414029Name,,414029Text,13,,,,999,,1,1200,,3
614029,浅海碎浪钥匙扣（次品）,614029Name,,414029Text,13,,,,999,,1,600,,3
515000,星野休憩T-恤,415000Name,,415000Text,13,,,,999,,1,400,,1
615000,星野休憩T-恤（次品）,615000Name,,415000Text,13,,,,999,,1,200,,1
515001,晚风橘绘T-恤,415001Name,,415001Text,13,,,,999,,1,400,,1
615001,晚风橘绘T-恤（次品）,615001Name,,415001Text,13,,,,999,,1,200,,1
515002,窗边白笺T-恤,415002Name,,415002Text,13,,,,999,,1,400,,1
615002,窗边白笺T-恤（次品）,615002Name,,415002Text,13,,,,999,,1,200,,1
515003,青空信约T-恤,415003Name,,415003Text,13,,,,999,,1,400,,1
615003,青空信约T-恤（次品）,615003Name,,415003Text,13,,,,999,,1,200,,1
515004,樱花私语T-恤,415004Name,,415004Text,13,,,,999,,1,400,,1
615004,樱花私语T-恤（次品）,615004Name,,415004Text,13,,,,999,,1,200,,1
515005,星轨魔导T-恤,415005Name,,415005Text,13,,,,999,,1,400,,1
615005,星轨魔导T-恤（次品）,615005Name,,415005Text,13,,,,999,,1,200,,1
515006,雾境魔女T-恤,415006Name,,415006Text,13,,,,999,,1,400,,1
615006,雾境魔女T-恤（次品）,615006Name,,415006Text,13,,,,999,,1,200,,1
515007,月光咒印T-恤,415007Name,,415007Text,13,,,,999,,1,400,,1
615007,月光咒印T-恤（次品）,615007Name,,415007Text,13,,,,999,,1,200,,1
515008,冰晶灵使T-恤,415008Name,,415008Text,13,,,,999,,1,400,,1
615008,冰晶灵使T-恤（次品）,615008Name,,415008Text,13,,,,999,,1,200,,1
515009,云间神谕T-恤,415009Name,,415009Text,13,,,,999,,1,400,,1
615009,云间神谕T-恤（次品）,615009Name,,415009Text,13,,,,999,,1,200,,1
515010,课间碎光T-恤,415010Name,,415010Text,13,,,,999,,1,400,,1
615010,课间碎光T-恤（次品）,615010Name,,415010Text,13,,,,999,,1,200,,1
515011,校服晚风T-恤,415011Name,,415011Text,13,,,,999,,1,400,,1
615011,校服晚风T-恤（次品）,615011Name,,415011Text,13,,,,999,,1,200,,1
515012,操场落日T-恤,415012Name,,415012Text,13,,,,999,,1,600,,1
615012,操场落日T-恤（次品）,615012Name,,415012Text,13,,,,999,,1,300,,1
515013,图书馆秘思T-恤,415013Name,,415013Text,13,,,,999,,1,600,,1
615013,图书馆秘思T-恤（次品）,615013Name,,415013Text,13,,,,999,,1,300,,1
515014,天台告白T-恤,415014Name,,415014Text,13,,,,999,,1,600,,1
615014,天台告白T-恤（次品）,615014Name,,415014Text,13,,,,999,,1,300,,1
515015,月下青衫T-恤,415015Name,,415015Text,13,,,,999,,1,600,,1
615015,月下青衫T-恤（次品）,615015Name,,415015Text,13,,,,999,,1,300,,1
515016,桃枝执扇T-恤,415016Name,,415016Text,13,,,,999,,1,600,,1
615016,桃枝执扇T-恤（次品）,615016Name,,415016Text,13,,,,999,,1,300,,1
515017,山河辞赋T-恤,415017Name,,415017Text,13,,,,999,,1,600,,1
615017,山河辞赋T-恤（次品）,615017Name,,415017Text,13,,,,999,,1,300,,1
515018,云袖清欢T-恤,415018Name,,415018Text,13,,,,999,,1,600,,1
615018,云袖清欢T-恤（次品）,615018Name,,415018Text,13,,,,999,,1,300,,1
515019,灯影红笺T-恤,415019Name,,415019Text,13,,,,999,,1,600,,1
615019,灯影红笺T-恤（次品）,615019Name,,415019Text,13,,,,999,,1,300,,1
515020,霓虹战姬T-恤,415020Name,,415020Text,13,,,,999,,1,800,,2
615020,霓虹战姬T-恤（次品）,615020Name,,415020Text,13,,,,999,,1,400,,2
515021,深空巡卫T-恤,415021Name,,415021Text,13,,,,999,,1,800,,2
615021,深空巡卫T-恤（次品）,615021Name,,415021Text,13,,,,999,,1,400,,2
515022,机甲星旅T-恤,415022Name,,415022Text,13,,,,999,,1,800,,2
615022,机甲星旅T-恤（次品）,615022Name,,415022Text,13,,,,999,,1,400,,2
515023,雨夜刃影T-恤,415023Name,,415023Text,13,,,,999,,1,800,,2
615023,雨夜刃影T-恤（次品）,615023Name,,415023Text,13,,,,999,,1,400,,2
515024,虚空战歌T-恤,415024Name,,415024Text,13,,,,999,,1,800,,2
615024,虚空战歌T-恤（次品）,615024Name,,415024Text,13,,,,999,,1,400,,2
515025,猫屿午后T-恤,415025Name,,415025Text,13,,,,999,,1,800,,2
615025,猫屿午后T-恤（次品）,615025Name,,415025Text,13,,,,999,,1,400,,2
515026,雪落狐踪T-恤,415026Name,,415026Text,13,,,,999,,1,1000,,2
615026,雪落狐踪T-恤（次品）,615026Name,,415026Text,13,,,,999,,1,500,,2
515027,深海人鱼T-恤,415027Name,,415027Text,13,,,,999,,1,1000,,2
615027,深海人鱼T-恤（次品）,615027Name,,415027Text,13,,,,999,,1,500,,2
515028,林间萤火T-恤,415028Name,,415028Text,13,,,,999,,1,1000,,2
615028,林间萤火T-恤（次品）,615028Name,,415028Text,13,,,,999,,1,500,,2
515029,浅海碎浪T-恤,415029Name,,415029Text,13,,,,999,,1,1200,,3
615029,浅海碎浪T-恤（次品）,615029Name,,415029Text,13,,,,999,,1,600,,3
