Key,Id,Chinese (Simplified)(zh-CN),Chinese (Traditional)(zh-TW),English(en),Japanese (Japan)(ja-JP),Korean(ko),Thai(th),Vietnamese(vi),,,,,,,,,,,
100000Name,,米饭,米饭,米饭,米饭,米饭,米饭,米饭,,,,,,,,,,,
100001Name,,豆腐,豆腐,豆腐,豆腐,豆腐,豆腐,豆腐,,,,,,,,,,,
100002Name,,土豆,土豆,土豆,土豆,土豆,土豆,土豆,,,,,,,,,,,
100003Name,,南瓜,南瓜,南瓜,南瓜,南瓜,南瓜,南瓜,,,,,,,,,,,
100004Name,,牛肉,牛肉,牛肉,牛肉,牛肉,牛肉,牛肉,,,,,,,,,,,
100005Name,,番茄,番茄,番茄,番茄,番茄,番茄,番茄,,,,,,,,,,,
100006Name,,鸡蛋,鸡蛋,鸡蛋,鸡蛋,鸡蛋,鸡蛋,鸡蛋,,,,,,,,,,,
100007Name,,猪肉,猪肉,猪肉,猪肉,猪肉,猪肉,猪肉,,,,,,,,,,,
100008Name,,包菜,包菜,包菜,包菜,包菜,包菜,包菜,,,,,,,,,,,
100009Name,,生菜,生菜,生菜,生菜,生菜,生菜,生菜,,,,,,,,,,,
100010Name,,洋葱,洋葱,洋葱,洋葱,洋葱,洋葱,洋葱,,,,,,,,,,,
100011Name,,鸡肉,鸡肉,鸡肉,鸡肉,鸡肉,鸡肉,鸡肉,,,,,,,,,,,
100012Name,,香菇,香菇,香菇,香菇,香菇,香菇,香菇,,,,,,,,,,,
100013Name,,萝卜,萝卜,萝卜,萝卜,萝卜,萝卜,萝卜,,,,,,,,,,,
100014Name,,面条,面条,面条,面条,面条,面条,面条,,,,,,,,,,,
100015Name,,海苔,海苔,海苔,海苔,海苔,海苔,海苔,,,,,,,,,,,
100016Name,,红豆,红豆,红豆,红豆,红豆,红豆,红豆,,,,,,,,,,,
100017Name,,苹果,苹果,苹果,苹果,苹果,苹果,苹果,,,,,,,,,,,
100018Name,,西瓜,西瓜,西瓜,西瓜,西瓜,西瓜,西瓜,,,,,,,,,,,
100019Name,,草莓,草莓,草莓,草莓,草莓,草莓,草莓,,,,,,,,,,,
100020Name,,章鱼,章鱼,章鱼,章鱼,章鱼,章鱼,章鱼,,,,,,,,,,,
100021Name,,鱿鱼,鱿鱼,鱿鱼,鱿鱼,鱿鱼,鱿鱼,鱿鱼,,,,,,,,,,,
100022Name,,螃蟹,螃蟹,螃蟹,螃蟹,螃蟹,螃蟹,螃蟹,,,,,,,,,,,
100023Name,,龙虾,龙虾,龙虾,龙虾,龙虾,龙虾,龙虾,,,,,,,,,,,
100024Name,,生蚝,生蚝,生蚝,生蚝,生蚝,生蚝,生蚝,,,,,,,,,,,
100025Name,,扇贝,扇贝,扇贝,扇贝,扇贝,扇贝,扇贝,,,,,,,,,,,
100026Name,,大虾,大虾,大虾,大虾,大虾,大虾,大虾,,,,,,,,,,,
100027Name,,鰤鱼,鰤鱼,鰤鱼,鰤鱼,鰤鱼,鰤鱼,鰤鱼,,,,,,,,,,,
100028Name,,沙丁鱼,沙丁鱼,沙丁鱼,沙丁鱼,沙丁鱼,沙丁鱼,沙丁鱼,,,,,,,,,,,
100029Name,,河豚,河豚,河豚,河豚,河豚,河豚,河豚,,,,,,,,,,,
100030Name,,竹荚鱼,竹荚鱼,竹荚鱼,竹荚鱼,竹荚鱼,竹荚鱼,竹荚鱼,,,,,,,,,,,
100031Name,,安康鱼,安康鱼,安康鱼,安康鱼,安康鱼,安康鱼,安康鱼,,,,,,,,,,,
100032Name,,海鲈鱼,海鲈鱼,海鲈鱼,海鲈鱼,海鲈鱼,海鲈鱼,海鲈鱼,,,,,,,,,,,
100033Name,,比目鱼,比目鱼,比目鱼,比目鱼,比目鱼,比目鱼,比目鱼,,,,,,,,,,,
100034Name,,鲷鱼,鲷鱼,鲷鱼,鲷鱼,鲷鱼,鲷鱼,鲷鱼,,,,,,,,,,,
100035Name,,秋刀鱼,秋刀鱼,秋刀鱼,秋刀鱼,秋刀鱼,秋刀鱼,秋刀鱼,,,,,,,,,,,
100036Name,,青花鱼,青花鱼,青花鱼,青花鱼,青花鱼,青花鱼,青花鱼,,,,,,,,,,,
100037Name,,鳗鱼,鳗鱼,鳗鱼,鳗鱼,鳗鱼,鳗鱼,鳗鱼,,,,,,,,,,,
100038Name,,三文鱼,三文鱼,三文鱼,三文鱼,三文鱼,三文鱼,三文鱼,,,,,,,,,,,
100039Name,,金枪鱼,金枪鱼,金枪鱼,金枪鱼,金枪鱼,金枪鱼,金枪鱼,,,,,,,,,,,
100040Name,,食用盐,食用盐,食用盐,食用盐,食用盐,食用盐,食用盐,,,,,,,,,,,
100041Name,,白砂糖,白砂糖,白砂糖,白砂糖,白砂糖,白砂糖,白砂糖,,,,,,,,,,,
100042Name,,芥末,芥末,芥末,芥末,芥末,芥末,芥末,,,,,,,,,,,
100043Name,,高汤,高汤,高汤,高汤,高汤,高汤,高汤,,,,,,,,,,,
100044Name,,牛奶,牛奶,牛奶,牛奶,牛奶,牛奶,牛奶,,,,,,,,,,,
100045Name,,面粉,面粉,面粉,面粉,面粉,面粉,面粉,,,,,,,,,,,
100046Name,,黄油,黄油,黄油,黄油,黄油,黄油,黄油,,,,,,,,,,,
100047Name,,奶油,奶油,奶油,奶油,奶油,奶油,奶油,,,,,,,,,,,
100048Name,,芝士,芝士,芝士,芝士,芝士,芝士,芝士,,,,,,,,,,,
100049Name,,咖喱,咖喱,咖喱,咖喱,咖喱,咖喱,咖喱,,,,,,,,,,,
100051Name,,变异章鱼,变异章鱼,变异章鱼,变异章鱼,变异章鱼,变异章鱼,变异章鱼,,,,,,,,,,,
100052Name,,变异南瓜,变异南瓜,变异南瓜,变异南瓜,变异南瓜,变异南瓜,变异南瓜,,,,,,,,,,,
100053Name,,变异蘑菇,变异蘑菇,变异蘑菇,变异蘑菇,变异蘑菇,变异蘑菇,变异蘑菇,,,,,,,,,,,
100054Name,,变异鸡肉,变异鸡肉,变异鸡肉,变异鸡肉,变异鸡肉,变异鸡肉,变异鸡肉,,,,,,,,,,,
100055Name,,变异牛奶,变异牛奶,变异牛奶,变异牛奶,变异牛奶,变异牛奶,变异牛奶,,,,,,,,,,,
110000Name,,水果沙拉配方,水果沙拉配方,水果沙拉配方,水果沙拉配方,水果沙拉配方,水果沙拉配方,水果沙拉配方,,,,,,,,,,,
110001Name,,蛋炒饭配方,蛋炒饭配方,蛋炒饭配方,蛋炒饭配方,蛋炒饭配方,蛋炒饭配方,蛋炒饭配方,,,,,,,,,,,
110002Name,,八宝菜配方,八宝菜配方,八宝菜配方,八宝菜配方,八宝菜配方,八宝菜配方,八宝菜配方,,,,,,,,,,,
110003Name,,饭团配方,饭团配方,饭团配方,饭团配方,饭团配方,饭团配方,饭团配方,,,,,,,,,,,
110004Name,,海鲜饭团配方,海鲜饭团配方,海鲜饭团配方,海鲜饭团配方,海鲜饭团配方,海鲜饭团配方,海鲜饭团配方,,,,,,,,,,,
110005Name,,海鲜寿司配方,海鲜寿司配方,海鲜寿司配方,海鲜寿司配方,海鲜寿司配方,海鲜寿司配方,海鲜寿司配方,,,,,,,,,,,
110006Name,,刺身料理配方,刺身料理配方,刺身料理配方,刺身料理配方,刺身料理配方,刺身料理配方,刺身料理配方,,,,,,,,,,,
110007Name,,香煎鱼配方,香煎鱼配方,香煎鱼配方,香煎鱼配方,香煎鱼配方,香煎鱼配方,香煎鱼配方,,,,,,,,,,,
110008Name,,杂蔬海鲜天妇罗配方,杂蔬海鲜天妇罗配方,杂蔬海鲜天妇罗配方,杂蔬海鲜天妇罗配方,杂蔬海鲜天妇罗配方,杂蔬海鲜天妇罗配方,杂蔬海鲜天妇罗配方,,,,,,,,,,,
110009Name,,大阪烧配方,大阪烧配方,大阪烧配方,大阪烧配方,大阪烧配方,大阪烧配方,大阪烧配方,,,,,,,,,,,
110010Name,,章鱼小丸子配方,章鱼小丸子配方,章鱼小丸子配方,章鱼小丸子配方,章鱼小丸子配方,章鱼小丸子配方,章鱼小丸子配方,,,,,,,,,,,
110011Name,,煎饺配方,煎饺配方,煎饺配方,煎饺配方,煎饺配方,煎饺配方,煎饺配方,,,,,,,,,,,
110012Name,,生菜鸡胸肉沙拉配方,生菜鸡胸肉沙拉配方,生菜鸡胸肉沙拉配方,生菜鸡胸肉沙拉配方,生菜鸡胸肉沙拉配方,生菜鸡胸肉沙拉配方,生菜鸡胸肉沙拉配方,,,,,,,,,,,
110013Name,,芝士焗龙虾配方,芝士焗龙虾配方,芝士焗龙虾配方,芝士焗龙虾配方,芝士焗龙虾配方,芝士焗龙虾配方,芝士焗龙虾配方,,,,,,,,,,,
110014Name,,海鲜炒面配方,海鲜炒面配方,海鲜炒面配方,海鲜炒面配方,海鲜炒面配方,海鲜炒面配方,海鲜炒面配方,,,,,,,,,,,
110015Name,,煎牛排配方,煎牛排配方,煎牛排配方,煎牛排配方,煎牛排配方,煎牛排配方,煎牛排配方,,,,,,,,,,,
110016Name,,豚骨拉面配方,豚骨拉面配方,豚骨拉面配方,豚骨拉面配方,豚骨拉面配方,豚骨拉面配方,豚骨拉面配方,,,,,,,,,,,
110017Name,,乌冬面配方,乌冬面配方,乌冬面配方,乌冬面配方,乌冬面配方,乌冬面配方,乌冬面配方,,,,,,,,,,,
110018Name,,味增汤配方,味增汤配方,味增汤配方,味增汤配方,味增汤配方,味增汤配方,味增汤配方,,,,,,,,,,,
110019Name,,茶碗蒸配方,茶碗蒸配方,茶碗蒸配方,茶碗蒸配方,茶碗蒸配方,茶碗蒸配方,茶碗蒸配方,,,,,,,,,,,
110020Name,,鳗鱼盖饭配方,鳗鱼盖饭配方,鳗鱼盖饭配方,鳗鱼盖饭配方,鳗鱼盖饭配方,鳗鱼盖饭配方,鳗鱼盖饭配方,,,,,,,,,,,
110021Name,,烤生蚝配方,烤生蚝配方,烤生蚝配方,烤生蚝配方,烤生蚝配方,烤生蚝配方,烤生蚝配方,,,,,,,,,,,
110022Name,,亲子丼配方,亲子丼配方,亲子丼配方,亲子丼配方,亲子丼配方,亲子丼配方,亲子丼配方,,,,,,,,,,,
110023Name,,咖喱蛋包饭配方,咖喱蛋包饭配方,咖喱蛋包饭配方,咖喱蛋包饭配方,咖喱蛋包饭配方,咖喱蛋包饭配方,咖喱蛋包饭配方,,,,,,,,,,,
110024Name,,可乐饼配方,可乐饼配方,可乐饼配方,可乐饼配方,可乐饼配方,可乐饼配方,可乐饼配方,,,,,,,,,,,
110025Name,,明太子烤土豆配方,明太子烤土豆配方,明太子烤土豆配方,明太子烤土豆配方,明太子烤土豆配方,明太子烤土豆配方,明太子烤土豆配方,,,,,,,,,,,
110026Name,,关东煮配方,关东煮配方,关东煮配方,关东煮配方,关东煮配方,关东煮配方,关东煮配方,,,,,,,,,,,
110027Name,,寿喜烧配方,寿喜烧配方,寿喜烧配方,寿喜烧配方,寿喜烧配方,寿喜烧配方,寿喜烧配方,,,,,,,,,,,
110028Name,,玉子烧配方,玉子烧配方,玉子烧配方,玉子烧配方,玉子烧配方,玉子烧配方,玉子烧配方,,,,,,,,,,,
110029Name,,鲷鱼烧配方,鲷鱼烧配方,鲷鱼烧配方,鲷鱼烧配方,鲷鱼烧配方,鲷鱼烧配方,鲷鱼烧配方,,,,,,,,,,,
110030Name,,可丽饼配方,可丽饼配方,可丽饼配方,可丽饼配方,可丽饼配方,可丽饼配方,可丽饼配方,,,,,,,,,,,
110031Name,,蛋糕配方,蛋糕配方,蛋糕配方,蛋糕配方,蛋糕配方,蛋糕配方,蛋糕配方,,,,,,,,,,,
110032Name,,布丁配方,布丁配方,布丁配方,布丁配方,布丁配方,布丁配方,布丁配方,,,,,,,,,,,
110033Name,,冰淇淋配方,冰淇淋配方,冰淇淋配方,冰淇淋配方,冰淇淋配方,冰淇淋配方,冰淇淋配方,,,,,,,,,,,
110034Name,,肉咖喱配方,肉咖喱配方,肉咖喱配方,肉咖喱配方,肉咖喱配方,肉咖喱配方,肉咖喱配方,,,,,,,,,,,
110035Name,,变异章鱼触手意面 配方,变异章鱼触手意面 配方,变异章鱼触手意面 配方,变异章鱼触手意面 配方,变异章鱼触手意面 配方,变异章鱼触手意面 配方,变异章鱼触手意面 配方,,,,,,,,,,,
110036Name,,变异杰克南瓜浓汤配方,变异杰克南瓜浓汤配方,变异杰克南瓜浓汤配方,变异杰克南瓜浓汤配方,变异杰克南瓜浓汤配方,变异杰克南瓜浓汤配方,变异杰克南瓜浓汤配方,,,,,,,,,,,
110037Name,,变异水煮大蝎子与行走菇配方,变异水煮大蝎子与行走菇配方,变异水煮大蝎子与行走菇配方,变异水煮大蝎子与行走菇配方,变异水煮大蝎子与行走菇配方,变异水煮大蝎子与行走菇配方,变异水煮大蝎子与行走菇配方,,,,,,,,,,,
110038Name,,变异奇怪的鸡蛋包饭配方,变异奇怪的鸡蛋包饭配方,变异奇怪的鸡蛋包饭配方,变异奇怪的鸡蛋包饭配方,变异奇怪的鸡蛋包饭配方,变异奇怪的鸡蛋包饭配方,变异奇怪的鸡蛋包饭配方,,,,,,,,,,,
110039Name,,变异史莱姆牛奶雪糕配方,变异史莱姆牛奶雪糕配方,变异史莱姆牛奶雪糕配方,变异史莱姆牛奶雪糕配方,变异史莱姆牛奶雪糕配方,变异史莱姆牛奶雪糕配方,变异史莱姆牛奶雪糕配方,,,,,,,,,,,
120000Name,,便当,便当,便当,便当,便当,便当,便当,,,,,,,,,,,
120001Name,,水果沙拉,水果沙拉,水果沙拉,水果沙拉,水果沙拉,水果沙拉,水果沙拉,,,,,,,,,,,
120002Name,,蛋炒饭,蛋炒饭,蛋炒饭,蛋炒饭,蛋炒饭,蛋炒饭,蛋炒饭,,,,,,,,,,,
120003Name,,八宝菜,八宝菜,八宝菜,八宝菜,八宝菜,八宝菜,八宝菜,,,,,,,,,,,
120004Name,,饭团,饭团,饭团,饭团,饭团,饭团,饭团,,,,,,,,,,,
120005Name,,海鲜饭团,海鲜饭团,海鲜饭团,海鲜饭团,海鲜饭团,海鲜饭团,海鲜饭团,,,,,,,,,,,
120006Name,,海鲜寿司,海鲜寿司,海鲜寿司,海鲜寿司,海鲜寿司,海鲜寿司,海鲜寿司,,,,,,,,,,,
120007Name,,刺身料理,刺身料理,刺身料理,刺身料理,刺身料理,刺身料理,刺身料理,,,,,,,,,,,
120008Name,,香煎鱼,香煎鱼,香煎鱼,香煎鱼,香煎鱼,香煎鱼,香煎鱼,,,,,,,,,,,
120009Name,,杂蔬海鲜天妇罗,杂蔬海鲜天妇罗,杂蔬海鲜天妇罗,杂蔬海鲜天妇罗,杂蔬海鲜天妇罗,杂蔬海鲜天妇罗,杂蔬海鲜天妇罗,,,,,,,,,,,
120010Name,,大阪烧,大阪烧,大阪烧,大阪烧,大阪烧,大阪烧,大阪烧,,,,,,,,,,,
120011Name,,章鱼小丸子,章鱼小丸子,章鱼小丸子,章鱼小丸子,章鱼小丸子,章鱼小丸子,章鱼小丸子,,,,,,,,,,,
120012Name,,煎饺,煎饺,煎饺,煎饺,煎饺,煎饺,煎饺,,,,,,,,,,,
120013Name,,生菜鸡胸肉沙拉,生菜鸡胸肉沙拉,生菜鸡胸肉沙拉,生菜鸡胸肉沙拉,生菜鸡胸肉沙拉,生菜鸡胸肉沙拉,生菜鸡胸肉沙拉,,,,,,,,,,,
120014Name,,芝士焗龙虾,芝士焗龙虾,芝士焗龙虾,芝士焗龙虾,芝士焗龙虾,芝士焗龙虾,芝士焗龙虾,,,,,,,,,,,
120015Name,,海鲜炒面,海鲜炒面,海鲜炒面,海鲜炒面,海鲜炒面,海鲜炒面,海鲜炒面,,,,,,,,,,,
120016Name,,煎牛排,煎牛排,煎牛排,煎牛排,煎牛排,煎牛排,煎牛排,,,,,,,,,,,
120017Name,,豚骨拉面,豚骨拉面,豚骨拉面,豚骨拉面,豚骨拉面,豚骨拉面,豚骨拉面,,,,,,,,,,,
120018Name,,乌冬面,乌冬面,乌冬面,乌冬面,乌冬面,乌冬面,乌冬面,,,,,,,,,,,
120019Name,,味增汤,味增汤,味增汤,味增汤,味增汤,味增汤,味增汤,,,,,,,,,,,
120020Name,,茶碗蒸,茶碗蒸,茶碗蒸,茶碗蒸,茶碗蒸,茶碗蒸,茶碗蒸,,,,,,,,,,,
120021Name,,鳗鱼盖饭,鳗鱼盖饭,鳗鱼盖饭,鳗鱼盖饭,鳗鱼盖饭,鳗鱼盖饭,鳗鱼盖饭,,,,,,,,,,,
120022Name,,烤生蚝,烤生蚝,烤生蚝,烤生蚝,烤生蚝,烤生蚝,烤生蚝,,,,,,,,,,,
120023Name,,亲子丼,亲子丼,亲子丼,亲子丼,亲子丼,亲子丼,亲子丼,,,,,,,,,,,
120024Name,,咖喱蛋包饭,咖喱蛋包饭,咖喱蛋包饭,咖喱蛋包饭,咖喱蛋包饭,咖喱蛋包饭,咖喱蛋包饭,,,,,,,,,,,
120025Name,,可乐饼,可乐饼,可乐饼,可乐饼,可乐饼,可乐饼,可乐饼,,,,,,,,,,,
120026Name,,明太子烤土豆,明太子烤土豆,明太子烤土豆,明太子烤土豆,明太子烤土豆,明太子烤土豆,明太子烤土豆,,,,,,,,,,,
120027Name,,关东煮,关东煮,关东煮,关东煮,关东煮,关东煮,关东煮,,,,,,,,,,,
120028Name,,寿喜烧,寿喜烧,寿喜烧,寿喜烧,寿喜烧,寿喜烧,寿喜烧,,,,,,,,,,,
120029Name,,玉子烧,玉子烧,玉子烧,玉子烧,玉子烧,玉子烧,玉子烧,,,,,,,,,,,
120030Name,,鲷鱼烧,鲷鱼烧,鲷鱼烧,鲷鱼烧,鲷鱼烧,鲷鱼烧,鲷鱼烧,,,,,,,,,,,
120031Name,,可丽饼,可丽饼,可丽饼,可丽饼,可丽饼,可丽饼,可丽饼,,,,,,,,,,,
120032Name,,蛋糕,蛋糕,蛋糕,蛋糕,蛋糕,蛋糕,蛋糕,,,,,,,,,,,
120033Name,,布丁,布丁,布丁,布丁,布丁,布丁,布丁,,,,,,,,,,,
120034Name,,冰淇淋,冰淇淋,冰淇淋,冰淇淋,冰淇淋,冰淇淋,冰淇淋,,,,,,,,,,,
120035Name,,肉咖喱,肉咖喱,肉咖喱,肉咖喱,肉咖喱,肉咖喱,肉咖喱,,,,,,,,,,,
120036Name,,变异章鱼触手意面 ,变异章鱼触手意面 ,变异章鱼触手意面 ,变异章鱼触手意面 ,变异章鱼触手意面 ,变异章鱼触手意面 ,变异章鱼触手意面 ,,,,,,,,,,,
120037Name,,变异杰克南瓜浓汤,变异杰克南瓜浓汤,变异杰克南瓜浓汤,变异杰克南瓜浓汤,变异杰克南瓜浓汤,变异杰克南瓜浓汤,变异杰克南瓜浓汤,,,,,,,,,,,
120038Name,,变异水煮大蝎子与行走菇,变异水煮大蝎子与行走菇,变异水煮大蝎子与行走菇,变异水煮大蝎子与行走菇,变异水煮大蝎子与行走菇,变异水煮大蝎子与行走菇,变异水煮大蝎子与行走菇,,,,,,,,,,,
120039Name,,变异奇怪的鸡蛋包饭,变异奇怪的鸡蛋包饭,变异奇怪的鸡蛋包饭,变异奇怪的鸡蛋包饭,变异奇怪的鸡蛋包饭,变异奇怪的鸡蛋包饭,变异奇怪的鸡蛋包饭,,,,,,,,,,,
120040Name,,变异史莱姆牛奶雪糕,变异史莱姆牛奶雪糕,变异史莱姆牛奶雪糕,变异史莱姆牛奶雪糕,变异史莱姆牛奶雪糕,变异史莱姆牛奶雪糕,变异史莱姆牛奶雪糕,,,,,,,,,,,
200000Name,,星野休憩,星野休憩,星野休憩,星野休憩,星野休憩,星野休憩,星野休憩,,,,,,,,,,,
200001Name,,晚风橘绘,晚风橘绘,晚风橘绘,晚风橘绘,晚风橘绘,晚风橘绘,晚风橘绘,,,,,,,,,,,
200002Name,,窗边白笺,窗边白笺,窗边白笺,窗边白笺,窗边白笺,窗边白笺,窗边白笺,,,,,,,,,,,
200003Name,,青空信约,青空信约,青空信约,青空信约,青空信约,青空信约,青空信约,,,,,,,,,,,
210000Name,,挂轴,挂轴,挂轴,挂轴,挂轴,挂轴,挂轴,,,,,,,,,,,
210001Name,,文件夹,文件夹,文件夹,文件夹,文件夹,文件夹,文件夹,,,,,,,,,,,
210002Name,,帆布包,帆布包,帆布包,帆布包,帆布包,帆布包,帆布包,,,,,,,,,,,
210003Name,,明信片,明信片,明信片,明信片,明信片,明信片,明信片,,,,,,,,,,,
210004Name,,立牌,立牌,立牌,立牌,立牌,立牌,立牌,,,,,,,,,,,
210005Name,,毯子_星织款,毯子_星织款,毯子_星织款,毯子_星织款,毯子_星织款,毯子_星织款,毯子_星织款,,,,,,,,,,,
210006Name,,毯子_漫印款,毯子_漫印款,毯子_漫印款,毯子_漫印款,毯子_漫印款,毯子_漫印款,毯子_漫印款,,,,,,,,,,,
210007Name,,毯子_夜织款,毯子_夜织款,毯子_夜织款,毯子_夜织款,毯子_夜织款,毯子_夜织款,毯子_夜织款,,,,,,,,,,,
210008Name,,抱枕_软拥款,抱枕_软拥款,抱枕_软拥款,抱枕_软拥款,抱枕_软拥款,抱枕_软拥款,抱枕_软拥款,,,,,,,,,,,
210009Name,,抱枕_双面款,抱枕_双面款,抱枕_双面款,抱枕_双面款,抱枕_双面款,抱枕_双面款,抱枕_双面款,,,,,,,,,,,
210010Name,,抱枕_半身款,抱枕_半身款,抱枕_半身款,抱枕_半身款,抱枕_半身款,抱枕_半身款,抱枕_半身款,,,,,,,,,,,
210011Name,,画册_原画款,画册_原画款,画册_原画款,画册_原画款,画册_原画款,画册_原画款,画册_原画款,,,,,,,,,,,
210012Name,,画册_典藏款,画册_典藏款,画册_典藏款,画册_典藏款,画册_典藏款,画册_典藏款,画册_典藏款,,,,,,,,,,,
210013Name,,画册_全彩款,画册_全彩款,画册_全彩款,画册_全彩款,画册_全彩款,画册_全彩款,画册_全彩款,,,,,,,,,,,
210014Name,,徽章_亮闪款,徽章_亮闪款,徽章_亮闪款,徽章_亮闪款,徽章_亮闪款,徽章_亮闪款,徽章_亮闪款,,,,,,,,,,,
210015Name,,徽章_哑光款,徽章_哑光款,徽章_哑光款,徽章_哑光款,徽章_哑光款,徽章_哑光款,徽章_哑光款,,,,,,,,,,,
210016Name,,徽章_闪银款,徽章_闪银款,徽章_闪银款,徽章_闪银款,徽章_闪银款,徽章_闪银款,徽章_闪银款,,,,,,,,,,,
210017Name,,海报,海报,海报,海报,海报,海报,海报,,,,,,,,,,,
210018Name,,镭射票,镭射票,镭射票,镭射票,镭射票,镭射票,镭射票,,,,,,,,,,,
210019Name,,手机壳,手机壳,手机壳,手机壳,手机壳,手机壳,手机壳,,,,,,,,,,,
220000Name,,聚酯斜纹,聚酯斜纹,聚酯斜纹,聚酯斜纹,聚酯斜纹,聚酯斜纹,聚酯斜纹,,,,,,,,,,,
220001Name,,四面弹莱卡,四面弹莱卡,四面弹莱卡,四面弹莱卡,四面弹莱卡,四面弹莱卡,四面弹莱卡,,,,,,,,,,,
220002Name,,色丁缎面,色丁缎面,色丁缎面,色丁缎面,色丁缎面,色丁缎面,色丁缎面,,,,,,,,,,,
220003Name,,雪纺,雪纺,雪纺,雪纺,雪纺,雪纺,雪纺,,,,,,,,,,,
220004Name,,塔夫绸,塔夫绸,塔夫绸,塔夫绸,塔夫绸,塔夫绸,塔夫绸,,,,,,,,,,,
220005Name,,丝绒,丝绒,丝绒,丝绒,丝绒,丝绒,丝绒,,,,,,,,,,,
220006Name,,PU 仿皮,PU 仿皮,PU 仿皮,PU 仿皮,PU 仿皮,PU 仿皮,PU 仿皮,,,,,,,,,,,
220007Name,,纯棉府绸,纯棉府绸,纯棉府绸,纯棉府绸,纯棉府绸,纯棉府绸,纯棉府绸,,,,,,,,,,,
220008Name,,欧根纱,欧根纱,欧根纱,欧根纱,欧根纱,欧根纱,欧根纱,,,,,,,,,,,
220009Name,,针织摇粒绒,针织摇粒绒,针织摇粒绒,针织摇粒绒,针织摇粒绒,针织摇粒绒,针织摇粒绒,,,,,,,,,,,
300000Name,,道具1,道具1,道具1,道具1,道具1,道具1,道具1,,,,,,,,,,,
300001Name,,道具2,道具2,道具2,道具2,道具2,道具2,道具2,,,,,,,,,,,
300002Name,,道具3,道具3,道具3,道具3,道具3,道具3,道具3,,,,,,,,,,,
300003Name,,道具4,道具4,道具4,道具4,道具4,道具4,道具4,,,,,,,,,,,
300004Name,,道具5,道具5,道具5,道具5,道具5,道具5,道具5,,,,,,,,,,,
300005Name,,道具6,道具6,道具6,道具6,道具6,道具6,道具6,,,,,,,,,,,
300006Name,,道具7,道具7,道具7,道具7,道具7,道具7,道具7,,,,,,,,,,,
300007Name,,道具8,道具8,道具8,道具8,道具8,道具8,道具8,,,,,,,,,,,
300008Name,,道具9,道具9,道具9,道具9,道具9,道具9,道具9,,,,,,,,,,,
300009Name,,道具10,道具10,道具10,道具10,道具10,道具10,道具10,,,,,,,,,,,
130000Name,,初级鱼饵,初级鱼饵,初级鱼饵,初级鱼饵,初级鱼饵,初级鱼饵,初级鱼饵,,,,,,,,,,,
130001Name,,中级鱼饵,中级鱼饵,中级鱼饵,中级鱼饵,中级鱼饵,中级鱼饵,中级鱼饵,,,,,,,,,,,
130002Name,,高级鱼饵,高级鱼饵,高级鱼饵,高级鱼饵,高级鱼饵,高级鱼饵,高级鱼饵,,,,,,,,,,,
140000Name,,竹鱼竿,竹鱼竿,竹鱼竿,竹鱼竿,竹鱼竿,竹鱼竿,竹鱼竿,,,,,,,,,,,
140001Name,,玻璃纤维竿,玻璃纤维竿,玻璃纤维竿,玻璃纤维竿,玻璃纤维竿,玻璃纤维竿,玻璃纤维竿,,,,,,,,,,,
140002Name,,铱金鱼竿,铱金鱼竿,铱金鱼竿,铱金鱼竿,铱金鱼竿,铱金鱼竿,铱金鱼竿,,,,,,,,,,,
140003Name,,高级铱金鱼竿,高级铱金鱼竿,高级铱金鱼竿,高级铱金鱼竿,高级铱金鱼竿,高级铱金鱼竿,高级铱金鱼竿,,,,,,,,,,,
150000Name,,情趣道具1,情趣道具1,情趣道具1,情趣道具1,情趣道具1,情趣道具1,情趣道具1,,,,,,,,,,,
150001Name,,情趣道具2,情趣道具2,情趣道具2,情趣道具2,情趣道具2,情趣道具2,情趣道具2,,,,,,,,,,,
150002Name,,情趣道具3,情趣道具3,情趣道具3,情趣道具3,情趣道具3,情趣道具3,情趣道具3,,,,,,,,,,,
150003Name,,情趣道具4,情趣道具4,情趣道具4,情趣道具4,情趣道具4,情趣道具4,情趣道具4,,,,,,,,,,,
150004Name,,情趣道具5,情趣道具5,情趣道具5,情趣道具5,情趣道具5,情趣道具5,情趣道具5,,,,,,,,,,,
150005Name,,情趣道具6,情趣道具6,情趣道具6,情趣道具6,情趣道具6,情趣道具6,情趣道具6,,,,,,,,,,,
150006Name,,情趣道具7,情趣道具7,情趣道具7,情趣道具7,情趣道具7,情趣道具7,情趣道具7,,,,,,,,,,,
150007Name,,情趣道具8,情趣道具8,情趣道具8,情趣道具8,情趣道具8,情趣道具8,情趣道具8,,,,,,,,,,,
150008Name,,情趣道具9,情趣道具9,情趣道具9,情趣道具9,情趣道具9,情趣道具9,情趣道具9,,,,,,,,,,,
150009Name,,情趣道具10,情趣道具10,情趣道具10,情趣道具10,情趣道具10,情趣道具10,情趣道具10,,,,,,,,,,,
100000Text,,米饭,米饭,米饭,米饭,米饭,米饭,米饭,,,,,,,,,,,
100001Text,,豆腐,豆腐,豆腐,豆腐,豆腐,豆腐,豆腐,,,,,,,,,,,
100002Text,,土豆,土豆,土豆,土豆,土豆,土豆,土豆,,,,,,,,,,,
100003Text,,南瓜,南瓜,南瓜,南瓜,南瓜,南瓜,南瓜,,,,,,,,,,,
100004Text,,牛肉,牛肉,牛肉,牛肉,牛肉,牛肉,牛肉,,,,,,,,,,,
100005Text,,番茄,番茄,番茄,番茄,番茄,番茄,番茄,,,,,,,,,,,
100006Text,,鸡蛋,鸡蛋,鸡蛋,鸡蛋,鸡蛋,鸡蛋,鸡蛋,,,,,,,,,,,
100007Text,,猪肉,猪肉,猪肉,猪肉,猪肉,猪肉,猪肉,,,,,,,,,,,
100008Text,,包菜,包菜,包菜,包菜,包菜,包菜,包菜,,,,,,,,,,,
100009Text,,生菜,生菜,生菜,生菜,生菜,生菜,生菜,,,,,,,,,,,
100010Text,,洋葱,洋葱,洋葱,洋葱,洋葱,洋葱,洋葱,,,,,,,,,,,
100011Text,,鸡肉,鸡肉,鸡肉,鸡肉,鸡肉,鸡肉,鸡肉,,,,,,,,,,,
100012Text,,香菇,香菇,香菇,香菇,香菇,香菇,香菇,,,,,,,,,,,
100013Text,,萝卜,萝卜,萝卜,萝卜,萝卜,萝卜,萝卜,,,,,,,,,,,
100014Text,,面条,面条,面条,面条,面条,面条,面条,,,,,,,,,,,
100015Text,,海苔,海苔,海苔,海苔,海苔,海苔,海苔,,,,,,,,,,,
100016Text,,红豆,红豆,红豆,红豆,红豆,红豆,红豆,,,,,,,,,,,
100017Text,,苹果,苹果,苹果,苹果,苹果,苹果,苹果,,,,,,,,,,,
100018Text,,西瓜,西瓜,西瓜,西瓜,西瓜,西瓜,西瓜,,,,,,,,,,,
100019Text,,草莓,草莓,草莓,草莓,草莓,草莓,草莓,,,,,,,,,,,
100020Text,,章鱼,章鱼,章鱼,章鱼,章鱼,章鱼,章鱼,,,,,,,,,,,
100021Text,,鱿鱼,鱿鱼,鱿鱼,鱿鱼,鱿鱼,鱿鱼,鱿鱼,,,,,,,,,,,
100022Text,,螃蟹,螃蟹,螃蟹,螃蟹,螃蟹,螃蟹,螃蟹,,,,,,,,,,,
100023Text,,龙虾,龙虾,龙虾,龙虾,龙虾,龙虾,龙虾,,,,,,,,,,,
100024Text,,生蚝,生蚝,生蚝,生蚝,生蚝,生蚝,生蚝,,,,,,,,,,,
100025Text,,扇贝,扇贝,扇贝,扇贝,扇贝,扇贝,扇贝,,,,,,,,,,,
100026Text,,大虾,大虾,大虾,大虾,大虾,大虾,大虾,,,,,,,,,,,
100027Text,,鰤鱼,鰤鱼,鰤鱼,鰤鱼,鰤鱼,鰤鱼,鰤鱼,,,,,,,,,,,
100028Text,,沙丁鱼,沙丁鱼,沙丁鱼,沙丁鱼,沙丁鱼,沙丁鱼,沙丁鱼,,,,,,,,,,,
100029Text,,河豚,河豚,河豚,河豚,河豚,河豚,河豚,,,,,,,,,,,
100030Text,,竹荚鱼,竹荚鱼,竹荚鱼,竹荚鱼,竹荚鱼,竹荚鱼,竹荚鱼,,,,,,,,,,,
100031Text,,安康鱼,安康鱼,安康鱼,安康鱼,安康鱼,安康鱼,安康鱼,,,,,,,,,,,
100032Text,,海鲈鱼,海鲈鱼,海鲈鱼,海鲈鱼,海鲈鱼,海鲈鱼,海鲈鱼,,,,,,,,,,,
100033Text,,比目鱼,比目鱼,比目鱼,比目鱼,比目鱼,比目鱼,比目鱼,,,,,,,,,,,
100034Text,,鲷鱼,鲷鱼,鲷鱼,鲷鱼,鲷鱼,鲷鱼,鲷鱼,,,,,,,,,,,
100035Text,,秋刀鱼,秋刀鱼,秋刀鱼,秋刀鱼,秋刀鱼,秋刀鱼,秋刀鱼,,,,,,,,,,,
100036Text,,青花鱼,青花鱼,青花鱼,青花鱼,青花鱼,青花鱼,青花鱼,,,,,,,,,,,
100037Text,,鳗鱼,鳗鱼,鳗鱼,鳗鱼,鳗鱼,鳗鱼,鳗鱼,,,,,,,,,,,
100038Text,,三文鱼,三文鱼,三文鱼,三文鱼,三文鱼,三文鱼,三文鱼,,,,,,,,,,,
100039Text,,金枪鱼,金枪鱼,金枪鱼,金枪鱼,金枪鱼,金枪鱼,金枪鱼,,,,,,,,,,,
100040Text,,食用盐,食用盐,食用盐,食用盐,食用盐,食用盐,食用盐,,,,,,,,,,,
100041Text,,白砂糖,白砂糖,白砂糖,白砂糖,白砂糖,白砂糖,白砂糖,,,,,,,,,,,
100042Text,,芥末,芥末,芥末,芥末,芥末,芥末,芥末,,,,,,,,,,,
100043Text,,高汤,高汤,高汤,高汤,高汤,高汤,高汤,,,,,,,,,,,
100044Text,,牛奶,牛奶,牛奶,牛奶,牛奶,牛奶,牛奶,,,,,,,,,,,
100045Text,,面粉,面粉,面粉,面粉,面粉,面粉,面粉,,,,,,,,,,,
100046Text,,黄油,黄油,黄油,黄油,黄油,黄油,黄油,,,,,,,,,,,
100047Text,,奶油,奶油,奶油,奶油,奶油,奶油,奶油,,,,,,,,,,,
100048Text,,芝士,芝士,芝士,芝士,芝士,芝士,芝士,,,,,,,,,,,
100049Text,,咖喱,咖喱,咖喱,咖喱,咖喱,咖喱,咖喱,,,,,,,,,,,
100051Text,,变异章鱼,变异章鱼,变异章鱼,变异章鱼,变异章鱼,变异章鱼,变异章鱼,,,,,,,,,,,
100052Text,,变异南瓜,变异南瓜,变异南瓜,变异南瓜,变异南瓜,变异南瓜,变异南瓜,,,,,,,,,,,
100053Text,,变异蘑菇,变异蘑菇,变异蘑菇,变异蘑菇,变异蘑菇,变异蘑菇,变异蘑菇,,,,,,,,,,,
100054Text,,变异鸡肉,变异鸡肉,变异鸡肉,变异鸡肉,变异鸡肉,变异鸡肉,变异鸡肉,,,,,,,,,,,
100055Text,,变异牛奶,变异牛奶,变异牛奶,变异牛奶,变异牛奶,变异牛奶,变异牛奶,,,,,,,,,,,
110000Text,,水果沙拉配方,水果沙拉配方,水果沙拉配方,水果沙拉配方,水果沙拉配方,水果沙拉配方,水果沙拉配方,,,,,,,,,,,
110001Text,,蛋炒饭配方,蛋炒饭配方,蛋炒饭配方,蛋炒饭配方,蛋炒饭配方,蛋炒饭配方,蛋炒饭配方,,,,,,,,,,,
110002Text,,八宝菜配方,八宝菜配方,八宝菜配方,八宝菜配方,八宝菜配方,八宝菜配方,八宝菜配方,,,,,,,,,,,
110003Text,,饭团配方,饭团配方,饭团配方,饭团配方,饭团配方,饭团配方,饭团配方,,,,,,,,,,,
110004Text,,海鲜饭团配方,海鲜饭团配方,海鲜饭团配方,海鲜饭团配方,海鲜饭团配方,海鲜饭团配方,海鲜饭团配方,,,,,,,,,,,
110005Text,,海鲜寿司配方,海鲜寿司配方,海鲜寿司配方,海鲜寿司配方,海鲜寿司配方,海鲜寿司配方,海鲜寿司配方,,,,,,,,,,,
110006Text,,刺身料理配方,刺身料理配方,刺身料理配方,刺身料理配方,刺身料理配方,刺身料理配方,刺身料理配方,,,,,,,,,,,
110007Text,,香煎鱼配方,香煎鱼配方,香煎鱼配方,香煎鱼配方,香煎鱼配方,香煎鱼配方,香煎鱼配方,,,,,,,,,,,
110008Text,,杂蔬海鲜天妇罗配方,杂蔬海鲜天妇罗配方,杂蔬海鲜天妇罗配方,杂蔬海鲜天妇罗配方,杂蔬海鲜天妇罗配方,杂蔬海鲜天妇罗配方,杂蔬海鲜天妇罗配方,,,,,,,,,,,
110009Text,,大阪烧配方,大阪烧配方,大阪烧配方,大阪烧配方,大阪烧配方,大阪烧配方,大阪烧配方,,,,,,,,,,,
110010Text,,章鱼小丸子配方,章鱼小丸子配方,章鱼小丸子配方,章鱼小丸子配方,章鱼小丸子配方,章鱼小丸子配方,章鱼小丸子配方,,,,,,,,,,,
110011Text,,煎饺配方,煎饺配方,煎饺配方,煎饺配方,煎饺配方,煎饺配方,煎饺配方,,,,,,,,,,,
110012Text,,生菜鸡胸肉沙拉配方,生菜鸡胸肉沙拉配方,生菜鸡胸肉沙拉配方,生菜鸡胸肉沙拉配方,生菜鸡胸肉沙拉配方,生菜鸡胸肉沙拉配方,生菜鸡胸肉沙拉配方,,,,,,,,,,,
110013Text,,芝士焗龙虾配方,芝士焗龙虾配方,芝士焗龙虾配方,芝士焗龙虾配方,芝士焗龙虾配方,芝士焗龙虾配方,芝士焗龙虾配方,,,,,,,,,,,
110014Text,,海鲜炒面配方,海鲜炒面配方,海鲜炒面配方,海鲜炒面配方,海鲜炒面配方,海鲜炒面配方,海鲜炒面配方,,,,,,,,,,,
110015Text,,煎牛排配方,煎牛排配方,煎牛排配方,煎牛排配方,煎牛排配方,煎牛排配方,煎牛排配方,,,,,,,,,,,
110016Text,,豚骨拉面配方,豚骨拉面配方,豚骨拉面配方,豚骨拉面配方,豚骨拉面配方,豚骨拉面配方,豚骨拉面配方,,,,,,,,,,,
110017Text,,乌冬面配方,乌冬面配方,乌冬面配方,乌冬面配方,乌冬面配方,乌冬面配方,乌冬面配方,,,,,,,,,,,
110018Text,,味增汤配方,味增汤配方,味增汤配方,味增汤配方,味增汤配方,味增汤配方,味增汤配方,,,,,,,,,,,
110019Text,,茶碗蒸配方,茶碗蒸配方,茶碗蒸配方,茶碗蒸配方,茶碗蒸配方,茶碗蒸配方,茶碗蒸配方,,,,,,,,,,,
110020Text,,鳗鱼盖饭配方,鳗鱼盖饭配方,鳗鱼盖饭配方,鳗鱼盖饭配方,鳗鱼盖饭配方,鳗鱼盖饭配方,鳗鱼盖饭配方,,,,,,,,,,,
110021Text,,烤生蚝配方,烤生蚝配方,烤生蚝配方,烤生蚝配方,烤生蚝配方,烤生蚝配方,烤生蚝配方,,,,,,,,,,,
110022Text,,亲子丼配方,亲子丼配方,亲子丼配方,亲子丼配方,亲子丼配方,亲子丼配方,亲子丼配方,,,,,,,,,,,
110023Text,,咖喱蛋包饭配方,咖喱蛋包饭配方,咖喱蛋包饭配方,咖喱蛋包饭配方,咖喱蛋包饭配方,咖喱蛋包饭配方,咖喱蛋包饭配方,,,,,,,,,,,
110024Text,,可乐饼配方,可乐饼配方,可乐饼配方,可乐饼配方,可乐饼配方,可乐饼配方,可乐饼配方,,,,,,,,,,,
110025Text,,明太子烤土豆配方,明太子烤土豆配方,明太子烤土豆配方,明太子烤土豆配方,明太子烤土豆配方,明太子烤土豆配方,明太子烤土豆配方,,,,,,,,,,,
110026Text,,关东煮配方,关东煮配方,关东煮配方,关东煮配方,关东煮配方,关东煮配方,关东煮配方,,,,,,,,,,,
110027Text,,寿喜烧配方,寿喜烧配方,寿喜烧配方,寿喜烧配方,寿喜烧配方,寿喜烧配方,寿喜烧配方,,,,,,,,,,,
110028Text,,玉子烧配方,玉子烧配方,玉子烧配方,玉子烧配方,玉子烧配方,玉子烧配方,玉子烧配方,,,,,,,,,,,
110029Text,,鲷鱼烧配方,鲷鱼烧配方,鲷鱼烧配方,鲷鱼烧配方,鲷鱼烧配方,鲷鱼烧配方,鲷鱼烧配方,,,,,,,,,,,
110030Text,,可丽饼配方,可丽饼配方,可丽饼配方,可丽饼配方,可丽饼配方,可丽饼配方,可丽饼配方,,,,,,,,,,,
110031Text,,蛋糕配方,蛋糕配方,蛋糕配方,蛋糕配方,蛋糕配方,蛋糕配方,蛋糕配方,,,,,,,,,,,
110032Text,,布丁配方,布丁配方,布丁配方,布丁配方,布丁配方,布丁配方,布丁配方,,,,,,,,,,,
110033Text,,冰淇淋配方,冰淇淋配方,冰淇淋配方,冰淇淋配方,冰淇淋配方,冰淇淋配方,冰淇淋配方,,,,,,,,,,,
110034Text,,肉咖喱配方,肉咖喱配方,肉咖喱配方,肉咖喱配方,肉咖喱配方,肉咖喱配方,肉咖喱配方,,,,,,,,,,,
110035Text,,变异章鱼触手意面 配方,变异章鱼触手意面 配方,变异章鱼触手意面 配方,变异章鱼触手意面 配方,变异章鱼触手意面 配方,变异章鱼触手意面 配方,变异章鱼触手意面 配方,,,,,,,,,,,
110036Text,,变异杰克南瓜浓汤配方,变异杰克南瓜浓汤配方,变异杰克南瓜浓汤配方,变异杰克南瓜浓汤配方,变异杰克南瓜浓汤配方,变异杰克南瓜浓汤配方,变异杰克南瓜浓汤配方,,,,,,,,,,,
110037Text,,变异水煮大蝎子与行走菇配方,变异水煮大蝎子与行走菇配方,变异水煮大蝎子与行走菇配方,变异水煮大蝎子与行走菇配方,变异水煮大蝎子与行走菇配方,变异水煮大蝎子与行走菇配方,变异水煮大蝎子与行走菇配方,,,,,,,,,,,
110038Text,,变异奇怪的鸡蛋包饭配方,变异奇怪的鸡蛋包饭配方,变异奇怪的鸡蛋包饭配方,变异奇怪的鸡蛋包饭配方,变异奇怪的鸡蛋包饭配方,变异奇怪的鸡蛋包饭配方,变异奇怪的鸡蛋包饭配方,,,,,,,,,,,
110039Text,,变异史莱姆牛奶雪糕配方,变异史莱姆牛奶雪糕配方,变异史莱姆牛奶雪糕配方,变异史莱姆牛奶雪糕配方,变异史莱姆牛奶雪糕配方,变异史莱姆牛奶雪糕配方,变异史莱姆牛奶雪糕配方,,,,,,,,,,,
120000Text,,便当,便当,便当,便当,便当,便当,便当,,,,,,,,,,,
120001Text,,水果沙拉,水果沙拉,水果沙拉,水果沙拉,水果沙拉,水果沙拉,水果沙拉,,,,,,,,,,,
120002Text,,蛋炒饭,蛋炒饭,蛋炒饭,蛋炒饭,蛋炒饭,蛋炒饭,蛋炒饭,,,,,,,,,,,
120003Text,,八宝菜,八宝菜,八宝菜,八宝菜,八宝菜,八宝菜,八宝菜,,,,,,,,,,,
120004Text,,饭团,饭团,饭团,饭团,饭团,饭团,饭团,,,,,,,,,,,
120005Text,,海鲜饭团,海鲜饭团,海鲜饭团,海鲜饭团,海鲜饭团,海鲜饭团,海鲜饭团,,,,,,,,,,,
120006Text,,海鲜寿司,海鲜寿司,海鲜寿司,海鲜寿司,海鲜寿司,海鲜寿司,海鲜寿司,,,,,,,,,,,
120007Text,,刺身料理,刺身料理,刺身料理,刺身料理,刺身料理,刺身料理,刺身料理,,,,,,,,,,,
120008Text,,香煎鱼,香煎鱼,香煎鱼,香煎鱼,香煎鱼,香煎鱼,香煎鱼,,,,,,,,,,,
120009Text,,杂蔬海鲜天妇罗,杂蔬海鲜天妇罗,杂蔬海鲜天妇罗,杂蔬海鲜天妇罗,杂蔬海鲜天妇罗,杂蔬海鲜天妇罗,杂蔬海鲜天妇罗,,,,,,,,,,,
120010Text,,大阪烧,大阪烧,大阪烧,大阪烧,大阪烧,大阪烧,大阪烧,,,,,,,,,,,
120011Text,,章鱼小丸子,章鱼小丸子,章鱼小丸子,章鱼小丸子,章鱼小丸子,章鱼小丸子,章鱼小丸子,,,,,,,,,,,
120012Text,,煎饺,煎饺,煎饺,煎饺,煎饺,煎饺,煎饺,,,,,,,,,,,
120013Text,,生菜鸡胸肉沙拉,生菜鸡胸肉沙拉,生菜鸡胸肉沙拉,生菜鸡胸肉沙拉,生菜鸡胸肉沙拉,生菜鸡胸肉沙拉,生菜鸡胸肉沙拉,,,,,,,,,,,
120014Text,,芝士焗龙虾,芝士焗龙虾,芝士焗龙虾,芝士焗龙虾,芝士焗龙虾,芝士焗龙虾,芝士焗龙虾,,,,,,,,,,,
120015Text,,海鲜炒面,海鲜炒面,海鲜炒面,海鲜炒面,海鲜炒面,海鲜炒面,海鲜炒面,,,,,,,,,,,
120016Text,,煎牛排,煎牛排,煎牛排,煎牛排,煎牛排,煎牛排,煎牛排,,,,,,,,,,,
120017Text,,豚骨拉面,豚骨拉面,豚骨拉面,豚骨拉面,豚骨拉面,豚骨拉面,豚骨拉面,,,,,,,,,,,
120018Text,,乌冬面,乌冬面,乌冬面,乌冬面,乌冬面,乌冬面,乌冬面,,,,,,,,,,,
120019Text,,味增汤,味增汤,味增汤,味增汤,味增汤,味增汤,味增汤,,,,,,,,,,,
120020Text,,茶碗蒸,茶碗蒸,茶碗蒸,茶碗蒸,茶碗蒸,茶碗蒸,茶碗蒸,,,,,,,,,,,
120021Text,,鳗鱼盖饭,鳗鱼盖饭,鳗鱼盖饭,鳗鱼盖饭,鳗鱼盖饭,鳗鱼盖饭,鳗鱼盖饭,,,,,,,,,,,
120022Text,,烤生蚝,烤生蚝,烤生蚝,烤生蚝,烤生蚝,烤生蚝,烤生蚝,,,,,,,,,,,
120023Text,,亲子丼,亲子丼,亲子丼,亲子丼,亲子丼,亲子丼,亲子丼,,,,,,,,,,,
120024Text,,咖喱蛋包饭,咖喱蛋包饭,咖喱蛋包饭,咖喱蛋包饭,咖喱蛋包饭,咖喱蛋包饭,咖喱蛋包饭,,,,,,,,,,,
120025Text,,可乐饼,可乐饼,可乐饼,可乐饼,可乐饼,可乐饼,可乐饼,,,,,,,,,,,
120026Text,,明太子烤土豆,明太子烤土豆,明太子烤土豆,明太子烤土豆,明太子烤土豆,明太子烤土豆,明太子烤土豆,,,,,,,,,,,
120027Text,,关东煮,关东煮,关东煮,关东煮,关东煮,关东煮,关东煮,,,,,,,,,,,
120028Text,,寿喜烧,寿喜烧,寿喜烧,寿喜烧,寿喜烧,寿喜烧,寿喜烧,,,,,,,,,,,
120029Text,,玉子烧,玉子烧,玉子烧,玉子烧,玉子烧,玉子烧,玉子烧,,,,,,,,,,,
120030Text,,鲷鱼烧,鲷鱼烧,鲷鱼烧,鲷鱼烧,鲷鱼烧,鲷鱼烧,鲷鱼烧,,,,,,,,,,,
120031Text,,可丽饼,可丽饼,可丽饼,可丽饼,可丽饼,可丽饼,可丽饼,,,,,,,,,,,
120032Text,,蛋糕,蛋糕,蛋糕,蛋糕,蛋糕,蛋糕,蛋糕,,,,,,,,,,,
120033Text,,布丁,布丁,布丁,布丁,布丁,布丁,布丁,,,,,,,,,,,
120034Text,,冰淇淋,冰淇淋,冰淇淋,冰淇淋,冰淇淋,冰淇淋,冰淇淋,,,,,,,,,,,
120035Text,,肉咖喱,肉咖喱,肉咖喱,肉咖喱,肉咖喱,肉咖喱,肉咖喱,,,,,,,,,,,
120036Text,,变异章鱼触手意面 ,变异章鱼触手意面 ,变异章鱼触手意面 ,变异章鱼触手意面 ,变异章鱼触手意面 ,变异章鱼触手意面 ,变异章鱼触手意面 ,,,,,,,,,,,
120037Text,,变异杰克南瓜浓汤,变异杰克南瓜浓汤,变异杰克南瓜浓汤,变异杰克南瓜浓汤,变异杰克南瓜浓汤,变异杰克南瓜浓汤,变异杰克南瓜浓汤,,,,,,,,,,,
120038Text,,变异水煮大蝎子与行走菇,变异水煮大蝎子与行走菇,变异水煮大蝎子与行走菇,变异水煮大蝎子与行走菇,变异水煮大蝎子与行走菇,变异水煮大蝎子与行走菇,变异水煮大蝎子与行走菇,,,,,,,,,,,
120039Text,,变异奇怪的鸡蛋包饭,变异奇怪的鸡蛋包饭,变异奇怪的鸡蛋包饭,变异奇怪的鸡蛋包饭,变异奇怪的鸡蛋包饭,变异奇怪的鸡蛋包饭,变异奇怪的鸡蛋包饭,,,,,,,,,,,
120040Text,,变异史莱姆牛奶雪糕,变异史莱姆牛奶雪糕,变异史莱姆牛奶雪糕,变异史莱姆牛奶雪糕,变异史莱姆牛奶雪糕,变异史莱姆牛奶雪糕,变异史莱姆牛奶雪糕,,,,,,,,,,,
200000Text,,星野休憩,星野休憩,星野休憩,星野休憩,星野休憩,星野休憩,星野休憩,,,,,,,,,,,
200001Text,,晚风橘绘,晚风橘绘,晚风橘绘,晚风橘绘,晚风橘绘,晚风橘绘,晚风橘绘,,,,,,,,,,,
200002Text,,窗边白笺,窗边白笺,窗边白笺,窗边白笺,窗边白笺,窗边白笺,窗边白笺,,,,,,,,,,,
200003Text,,青空信约,青空信约,青空信约,青空信约,青空信约,青空信约,青空信约,,,,,,,,,,,
210000Text,,挂轴,挂轴,挂轴,挂轴,挂轴,挂轴,挂轴,,,,,,,,,,,
210001Text,,文件夹,文件夹,文件夹,文件夹,文件夹,文件夹,文件夹,,,,,,,,,,,
210002Text,,帆布包,帆布包,帆布包,帆布包,帆布包,帆布包,帆布包,,,,,,,,,,,
210003Text,,明信片,明信片,明信片,明信片,明信片,明信片,明信片,,,,,,,,,,,
210004Text,,立牌,立牌,立牌,立牌,立牌,立牌,立牌,,,,,,,,,,,
210005Text,,毯子_星织款,毯子_星织款,毯子_星织款,毯子_星织款,毯子_星织款,毯子_星织款,毯子_星织款,,,,,,,,,,,
210006Text,,毯子_漫印款,毯子_漫印款,毯子_漫印款,毯子_漫印款,毯子_漫印款,毯子_漫印款,毯子_漫印款,,,,,,,,,,,
210007Text,,毯子_夜织款,毯子_夜织款,毯子_夜织款,毯子_夜织款,毯子_夜织款,毯子_夜织款,毯子_夜织款,,,,,,,,,,,
210008Text,,抱枕_软拥款,抱枕_软拥款,抱枕_软拥款,抱枕_软拥款,抱枕_软拥款,抱枕_软拥款,抱枕_软拥款,,,,,,,,,,,
210009Text,,抱枕_双面款,抱枕_双面款,抱枕_双面款,抱枕_双面款,抱枕_双面款,抱枕_双面款,抱枕_双面款,,,,,,,,,,,
210010Text,,抱枕_半身款,抱枕_半身款,抱枕_半身款,抱枕_半身款,抱枕_半身款,抱枕_半身款,抱枕_半身款,,,,,,,,,,,
210011Text,,画册_原画款,画册_原画款,画册_原画款,画册_原画款,画册_原画款,画册_原画款,画册_原画款,,,,,,,,,,,
210012Text,,画册_典藏款,画册_典藏款,画册_典藏款,画册_典藏款,画册_典藏款,画册_典藏款,画册_典藏款,,,,,,,,,,,
210013Text,,画册_全彩款,画册_全彩款,画册_全彩款,画册_全彩款,画册_全彩款,画册_全彩款,画册_全彩款,,,,,,,,,,,
210014Text,,徽章_亮闪款,徽章_亮闪款,徽章_亮闪款,徽章_亮闪款,徽章_亮闪款,徽章_亮闪款,徽章_亮闪款,,,,,,,,,,,
210015Text,,徽章_哑光款,徽章_哑光款,徽章_哑光款,徽章_哑光款,徽章_哑光款,徽章_哑光款,徽章_哑光款,,,,,,,,,,,
210016Text,,徽章_闪银款,徽章_闪银款,徽章_闪银款,徽章_闪银款,徽章_闪银款,徽章_闪银款,徽章_闪银款,,,,,,,,,,,
210017Text,,海报,海报,海报,海报,海报,海报,海报,,,,,,,,,,,
210018Text,,镭射票,镭射票,镭射票,镭射票,镭射票,镭射票,镭射票,,,,,,,,,,,
210019Text,,手机壳,手机壳,手机壳,手机壳,手机壳,手机壳,手机壳,,,,,,,,,,,
220000Text,,聚酯斜纹,聚酯斜纹,聚酯斜纹,聚酯斜纹,聚酯斜纹,聚酯斜纹,聚酯斜纹,,,,,,,,,,,
220001Text,,四面弹莱卡,四面弹莱卡,四面弹莱卡,四面弹莱卡,四面弹莱卡,四面弹莱卡,四面弹莱卡,,,,,,,,,,,
220002Text,,色丁缎面,色丁缎面,色丁缎面,色丁缎面,色丁缎面,色丁缎面,色丁缎面,,,,,,,,,,,
220003Text,,雪纺,雪纺,雪纺,雪纺,雪纺,雪纺,雪纺,,,,,,,,,,,
220004Text,,塔夫绸,塔夫绸,塔夫绸,塔夫绸,塔夫绸,塔夫绸,塔夫绸,,,,,,,,,,,
220005Text,,丝绒,丝绒,丝绒,丝绒,丝绒,丝绒,丝绒,,,,,,,,,,,
220006Text,,PU 仿皮,PU 仿皮,PU 仿皮,PU 仿皮,PU 仿皮,PU 仿皮,PU 仿皮,,,,,,,,,,,
220007Text,,纯棉府绸,纯棉府绸,纯棉府绸,纯棉府绸,纯棉府绸,纯棉府绸,纯棉府绸,,,,,,,,,,,
220008Text,,欧根纱,欧根纱,欧根纱,欧根纱,欧根纱,欧根纱,欧根纱,,,,,,,,,,,
220009Text,,针织摇粒绒,针织摇粒绒,针织摇粒绒,针织摇粒绒,针织摇粒绒,针织摇粒绒,针织摇粒绒,,,,,,,,,,,
300000Text,,道具1,道具1,道具1,道具1,道具1,道具1,道具1,,,,,,,,,,,
300001Text,,道具2,道具2,道具2,道具2,道具2,道具2,道具2,,,,,,,,,,,
300002Text,,道具3,道具3,道具3,道具3,道具3,道具3,道具3,,,,,,,,,,,
300003Text,,道具4,道具4,道具4,道具4,道具4,道具4,道具4,,,,,,,,,,,
300004Text,,道具5,道具5,道具5,道具5,道具5,道具5,道具5,,,,,,,,,,,
300005Text,,道具6,道具6,道具6,道具6,道具6,道具6,道具6,,,,,,,,,,,
300006Text,,道具7,道具7,道具7,道具7,道具7,道具7,道具7,,,,,,,,,,,
300007Text,,道具8,道具8,道具8,道具8,道具8,道具8,道具8,,,,,,,,,,,
300008Text,,道具9,道具9,道具9,道具9,道具9,道具9,道具9,,,,,,,,,,,
300009Text,,道具10,道具10,道具10,道具10,道具10,道具10,道具10,,,,,,,,,,,
130000Text,,初级鱼饵,初级鱼饵,初级鱼饵,初级鱼饵,初级鱼饵,初级鱼饵,初级鱼饵,,,,,,,,,,,
130001Text,,中级鱼饵,中级鱼饵,中级鱼饵,中级鱼饵,中级鱼饵,中级鱼饵,中级鱼饵,,,,,,,,,,,
130002Text,,高级鱼饵,高级鱼饵,高级鱼饵,高级鱼饵,高级鱼饵,高级鱼饵,高级鱼饵,,,,,,,,,,,
140000Text,,竹鱼竿,竹鱼竿,竹鱼竿,竹鱼竿,竹鱼竿,竹鱼竿,竹鱼竿,,,,,,,,,,,
140001Text,,玻璃纤维竿,玻璃纤维竿,玻璃纤维竿,玻璃纤维竿,玻璃纤维竿,玻璃纤维竿,玻璃纤维竿,,,,,,,,,,,
140002Text,,铱金鱼竿,铱金鱼竿,铱金鱼竿,铱金鱼竿,铱金鱼竿,铱金鱼竿,铱金鱼竿,,,,,,,,,,,
140003Text,,高级铱金鱼竿,高级铱金鱼竿,高级铱金鱼竿,高级铱金鱼竿,高级铱金鱼竿,高级铱金鱼竿,高级铱金鱼竿,,,,,,,,,,,
150000Text,,情趣道具1,情趣道具1,情趣道具1,情趣道具1,情趣道具1,情趣道具1,情趣道具1,,,,,,,,,,,
150001Text,,情趣道具2,情趣道具2,情趣道具2,情趣道具2,情趣道具2,情趣道具2,情趣道具2,,,,,,,,,,,
150002Text,,情趣道具3,情趣道具3,情趣道具3,情趣道具3,情趣道具3,情趣道具3,情趣道具3,,,,,,,,,,,
150003Text,,情趣道具4,情趣道具4,情趣道具4,情趣道具4,情趣道具4,情趣道具4,情趣道具4,,,,,,,,,,,
150004Text,,情趣道具5,情趣道具5,情趣道具5,情趣道具5,情趣道具5,情趣道具5,情趣道具5,,,,,,,,,,,
150005Text,,情趣道具6,情趣道具6,情趣道具6,情趣道具6,情趣道具6,情趣道具6,情趣道具6,,,,,,,,,,,
150006Text,,情趣道具7,情趣道具7,情趣道具7,情趣道具7,情趣道具7,情趣道具7,情趣道具7,,,,,,,,,,,
150007Text,,情趣道具8,情趣道具8,情趣道具8,情趣道具8,情趣道具8,情趣道具8,情趣道具8,,,,,,,,,,,
150008Text,,情趣道具9,情趣道具9,情趣道具9,情趣道具9,情趣道具9,情趣道具9,情趣道具9,,,,,,,,,,,
150009Text,,情趣道具10,情趣道具10,情趣道具10,情趣道具10,情趣道具10,情趣道具10,情趣道具10,,,,,,,,,,,
310000Name,,少年剑士,少年剑士,少年剑士,少年剑士,少年剑士,少年剑士,少年剑士,,,,,,,,,,,
310001Name,,魔法少女,魔法少女,魔法少女,魔法少女,魔法少女,魔法少女,魔法少女,,,,,,,,,,,
310002Name,,日常校服少女,日常校服少女,日常校服少女,日常校服少女,日常校服少女,日常校服少女,日常校服少女,,,,,,,,,,,
310003Name,,棒球少年,棒球少年,棒球少年,棒球少年,棒球少年,棒球少年,棒球少年,,,,,,,,,,,
310004Name,,电竞少年,电竞少年,电竞少年,电竞少年,电竞少年,电竞少年,电竞少年,,,,,,,,,,,
310005Name,,居家少女,居家少女,居家少女,居家少女,居家少女,居家少女,居家少女,,,,,,,,,,,
310006Name,,骑士侍从,骑士侍从,骑士侍从,骑士侍从,骑士侍从,骑士侍从,骑士侍从,,,,,,,,,,,
310007Name,,见习法师,见习法师,见习法师,见习法师,见习法师,见习法师,见习法师,,,,,,,,,,,
310008Name,,短跑运动员,短跑运动员,短跑运动员,短跑运动员,短跑运动员,短跑运动员,短跑运动员,,,,,,,,,,,
310009Name,,露营少年,露营少年,露营少年,露营少年,露营少年,露营少年,露营少年,,,,,,,,,,,
310010Name,,水手少女,水手少女,水手少女,水手少女,水手少女,水手少女,水手少女,,,,,,,,,,,
310011Name,,机车少年,机车少年,机车少年,机车少年,机车少年,机车少年,机车少年,,,,,,,,,,,
310012Name,,花店少女,花店少女,花店少女,花店少女,花店少女,花店少女,花店少女,,,,,,,,,,,
310013Name,,面包师少年,面包师少年,面包师少年,面包师少年,面包师少年,面包师少年,面包师少年,,,,,,,,,,,
310014Name,,图书馆少女,图书馆少女,图书馆少女,图书馆少女,图书馆少女,图书馆少女,图书馆少女,,,,,,,,,,,
310015Name,,滑板少年,滑板少年,滑板少年,滑板少年,滑板少年,滑板少年,滑板少年,,,,,,,,,,,
310016Name,,茶艺少女,茶艺少女,茶艺少女,茶艺少女,茶艺少女,茶艺少女,茶艺少女,,,,,,,,,,,
310017Name,,汽修少年,汽修少年,汽修少年,汽修少年,汽修少年,汽修少年,汽修少年,,,,,,,,,,,
310018Name,,摄影少女,摄影少女,摄影少女,摄影少女,摄影少女,摄影少女,摄影少女,,,,,,,,,,,
310019Name,,骑行少年,骑行少年,骑行少年,骑行少年,骑行少年,骑行少年,骑行少年,,,,,,,,,,,
310020Name,,暗夜忍者,暗夜忍者,暗夜忍者,暗夜忍者,暗夜忍者,暗夜忍者,暗夜忍者,,,,,,,,,,,
310021Name,,圣辉修女,圣辉修女,圣辉修女,圣辉修女,圣辉修女,圣辉修女,圣辉修女,,,,,,,,,,,
310022Name,,龙纹武士,龙纹武士,龙纹武士,龙纹武士,龙纹武士,龙纹武士,龙纹武士,,,,,,,,,,,
310023Name,,星海歌姬,星海歌姬,星海歌姬,星海歌姬,星海歌姬,星海歌姬,星海歌姬,,,,,,,,,,,
310024Name,,白虎猎手,白虎猎手,白虎猎手,白虎猎手,白虎猎手,白虎猎手,白虎猎手,,,,,,,,,,,
310025Name,,狐妖巫女,狐妖巫女,狐妖巫女,狐妖巫女,狐妖巫女,狐妖巫女,狐妖巫女,,,,,,,,,,,
310026Name,,重装卫士,重装卫士,重装卫士,重装卫士,重装卫士,重装卫士,重装卫士,,,,,,,,,,,
310027Name,,月影刺客,月影刺客,月影刺客,月影刺客,月影刺客,月影刺客,月影刺客,,,,,,,,,,,
310028Name,,蔷薇骑士,蔷薇骑士,蔷薇骑士,蔷薇骑士,蔷薇骑士,蔷薇骑士,蔷薇骑士,,,,,,,,,,,
310029Name,,极光魔法师,极光魔法师,极光魔法师,极光魔法师,极光魔法师,极光魔法师,极光魔法师,,,,,,,,,,,
310030Name,,耀光剑士,耀光剑士,耀光剑士,耀光剑士,耀光剑士,耀光剑士,耀光剑士,,,,,,,,,,,
310031Name,,星落歌姬,星落歌姬,星落歌姬,星落歌姬,星落歌姬,星落歌姬,星落歌姬,,,,,,,,,,,
310032Name,,绯夜忍者,绯夜忍者,绯夜忍者,绯夜忍者,绯夜忍者,绯夜忍者,绯夜忍者,,,,,,,,,,,
310033Name,,鎏金龙武士,鎏金龙武士,鎏金龙武士,鎏金龙武士,鎏金龙武士,鎏金龙武士,鎏金龙武士,,,,,,,,,,,
310034Name,,极昼修女,极昼修女,极昼修女,极昼修女,极昼修女,极昼修女,极昼修女,,,,,,,,,,,
310035Name,,苍雷猎手,苍雷猎手,苍雷猎手,苍雷猎手,苍雷猎手,苍雷猎手,苍雷猎手,,,,,,,,,,,
310036Name,,幻梦狐妖,幻梦狐妖,幻梦狐妖,幻梦狐妖,幻梦狐妖,幻梦狐妖,幻梦狐妖,,,,,,,,,,,
310037Name,,破晓骑士,破晓骑士,破晓骑士,破晓骑士,破晓骑士,破晓骑士,破晓骑士,,,,,,,,,,,
310038Name,,永夜法师,永夜法师,永夜法师,永夜法师,永夜法师,永夜法师,永夜法师,,,,,,,,,,,
310039Name,,星痕卫士,星痕卫士,星痕卫士,星痕卫士,星痕卫士,星痕卫士,星痕卫士,,,,,,,,,,,
310000Text,,少年剑士,少年剑士,少年剑士,少年剑士,少年剑士,少年剑士,少年剑士,,,,,,,,,,,
310001Text,,魔法少女,魔法少女,魔法少女,魔法少女,魔法少女,魔法少女,魔法少女,,,,,,,,,,,
310002Text,,日常校服少女,日常校服少女,日常校服少女,日常校服少女,日常校服少女,日常校服少女,日常校服少女,,,,,,,,,,,
310003Text,,棒球少年,棒球少年,棒球少年,棒球少年,棒球少年,棒球少年,棒球少年,,,,,,,,,,,
310004Text,,电竞少年,电竞少年,电竞少年,电竞少年,电竞少年,电竞少年,电竞少年,,,,,,,,,,,
310005Text,,居家少女,居家少女,居家少女,居家少女,居家少女,居家少女,居家少女,,,,,,,,,,,
310006Text,,骑士侍从,骑士侍从,骑士侍从,骑士侍从,骑士侍从,骑士侍从,骑士侍从,,,,,,,,,,,
310007Text,,见习法师,见习法师,见习法师,见习法师,见习法师,见习法师,见习法师,,,,,,,,,,,
310008Text,,短跑运动员,短跑运动员,短跑运动员,短跑运动员,短跑运动员,短跑运动员,短跑运动员,,,,,,,,,,,
310009Text,,露营少年,露营少年,露营少年,露营少年,露营少年,露营少年,露营少年,,,,,,,,,,,
310010Text,,水手少女,水手少女,水手少女,水手少女,水手少女,水手少女,水手少女,,,,,,,,,,,
310011Text,,机车少年,机车少年,机车少年,机车少年,机车少年,机车少年,机车少年,,,,,,,,,,,
310012Text,,花店少女,花店少女,花店少女,花店少女,花店少女,花店少女,花店少女,,,,,,,,,,,
310013Text,,面包师少年,面包师少年,面包师少年,面包师少年,面包师少年,面包师少年,面包师少年,,,,,,,,,,,
310014Text,,图书馆少女,图书馆少女,图书馆少女,图书馆少女,图书馆少女,图书馆少女,图书馆少女,,,,,,,,,,,
310015Text,,滑板少年,滑板少年,滑板少年,滑板少年,滑板少年,滑板少年,滑板少年,,,,,,,,,,,
310016Text,,茶艺少女,茶艺少女,茶艺少女,茶艺少女,茶艺少女,茶艺少女,茶艺少女,,,,,,,,,,,
310017Text,,汽修少年,汽修少年,汽修少年,汽修少年,汽修少年,汽修少年,汽修少年,,,,,,,,,,,
310018Text,,摄影少女,摄影少女,摄影少女,摄影少女,摄影少女,摄影少女,摄影少女,,,,,,,,,,,
310019Text,,骑行少年,骑行少年,骑行少年,骑行少年,骑行少年,骑行少年,骑行少年,,,,,,,,,,,
310020Text,,暗夜忍者,暗夜忍者,暗夜忍者,暗夜忍者,暗夜忍者,暗夜忍者,暗夜忍者,,,,,,,,,,,
310021Text,,圣辉修女,圣辉修女,圣辉修女,圣辉修女,圣辉修女,圣辉修女,圣辉修女,,,,,,,,,,,
310022Text,,龙纹武士,龙纹武士,龙纹武士,龙纹武士,龙纹武士,龙纹武士,龙纹武士,,,,,,,,,,,
310023Text,,星海歌姬,星海歌姬,星海歌姬,星海歌姬,星海歌姬,星海歌姬,星海歌姬,,,,,,,,,,,
310024Text,,白虎猎手,白虎猎手,白虎猎手,白虎猎手,白虎猎手,白虎猎手,白虎猎手,,,,,,,,,,,
310025Text,,狐妖巫女,狐妖巫女,狐妖巫女,狐妖巫女,狐妖巫女,狐妖巫女,狐妖巫女,,,,,,,,,,,
310026Text,,重装卫士,重装卫士,重装卫士,重装卫士,重装卫士,重装卫士,重装卫士,,,,,,,,,,,
310027Text,,月影刺客,月影刺客,月影刺客,月影刺客,月影刺客,月影刺客,月影刺客,,,,,,,,,,,
310028Text,,蔷薇骑士,蔷薇骑士,蔷薇骑士,蔷薇骑士,蔷薇骑士,蔷薇骑士,蔷薇骑士,,,,,,,,,,,
310029Text,,极光魔法师,极光魔法师,极光魔法师,极光魔法师,极光魔法师,极光魔法师,极光魔法师,,,,,,,,,,,
310030Text,,耀光剑士,耀光剑士,耀光剑士,耀光剑士,耀光剑士,耀光剑士,耀光剑士,,,,,,,,,,,
310031Text,,星落歌姬,星落歌姬,星落歌姬,星落歌姬,星落歌姬,星落歌姬,星落歌姬,,,,,,,,,,,
310032Text,,绯夜忍者,绯夜忍者,绯夜忍者,绯夜忍者,绯夜忍者,绯夜忍者,绯夜忍者,,,,,,,,,,,
310033Text,,鎏金龙武士,鎏金龙武士,鎏金龙武士,鎏金龙武士,鎏金龙武士,鎏金龙武士,鎏金龙武士,,,,,,,,,,,
310034Text,,极昼修女,极昼修女,极昼修女,极昼修女,极昼修女,极昼修女,极昼修女,,,,,,,,,,,
310035Text,,苍雷猎手,苍雷猎手,苍雷猎手,苍雷猎手,苍雷猎手,苍雷猎手,苍雷猎手,,,,,,,,,,,
310036Text,,幻梦狐妖,幻梦狐妖,幻梦狐妖,幻梦狐妖,幻梦狐妖,幻梦狐妖,幻梦狐妖,,,,,,,,,,,
310037Text,,破晓骑士,破晓骑士,破晓骑士,破晓骑士,破晓骑士,破晓骑士,破晓骑士,,,,,,,,,,,
310038Text,,永夜法师,永夜法师,永夜法师,永夜法师,永夜法师,永夜法师,永夜法师,,,,,,,,,,,
310039Text,,星痕卫士,星痕卫士,星痕卫士,星痕卫士,星痕卫士,星痕卫士,星痕卫士,,,,,,,,,,,
"160000Name",,"猫咪抱枕","猫咪抱枕","猫咪抱枕","猫咪抱枕","猫咪抱枕","猫咪抱枕","猫咪抱枕",,,,,,,,,,,
"160001Name",,"限定漫画杂志","限定漫画杂志","限定漫画杂志","限定漫画杂志","限定漫画杂志","限定漫画杂志","限定漫画杂志",,,,,,,,,,,
"160002Name",,"手冲咖啡礼盒","手冲咖啡礼盒","手冲咖啡礼盒","手冲咖啡礼盒","手冲咖啡礼盒","手冲咖啡礼盒","手冲咖啡礼盒",,,,,,,,,,,
"160003Name",,"复古钢笔","复古钢笔","复古钢笔","复古钢笔","复古钢笔","复古钢笔","复古钢笔",,,,,,,,,,,
"160004Name",,"温泉旅行券","温泉旅行券","温泉旅行券","温泉旅行券","温泉旅行券","温泉旅行券","温泉旅行券",,,,,,,,,,,
"160005Name",,"星海夜灯","星海夜灯","星海夜灯","星海夜灯","星海夜灯","星海夜灯","星海夜灯",,,,,,,,,,,
"160000Text",,"抱着就不想撒手的软乎乎抱枕，据说能治愈熬夜的心。","抱着就不想撒手的软乎乎抱枕，据说能治愈熬夜的心。","抱着就不想撒手的软乎乎抱枕，据说能治愈熬夜的心。","抱着就不想撒手的软乎乎抱枕，据说能治愈熬夜的心。","抱着就不想撒手的软乎乎抱枕，据说能治愈熬夜的心。","抱着就不想撒手的软乎乎抱枕，据说能治愈熬夜的心。","抱着就不想撒手的软乎乎抱枕，据说能治愈熬夜的心。",,,,,,,,,,,
"160001Text",,"限量发行的漫画杂志，翻两页就有画不完的灵感。","限量发行的漫画杂志，翻两页就有画不完的灵感。","限量发行的漫画杂志，翻两页就有画不完的灵感。","限量发行的漫画杂志，翻两页就有画不完的灵感。","限量发行的漫画杂志，翻两页就有画不完的灵感。","限量发行的漫画杂志，翻两页就有画不完的灵感。","限量发行的漫画杂志，翻两页就有画不完的灵感。",,,,,,,,,,,
"160002Text",,"香气浓郁的手冲咖啡礼盒，赶稿神器，副作用是有点心慌。","香气浓郁的手冲咖啡礼盒，赶稿神器，副作用是有点心慌。","香气浓郁的手冲咖啡礼盒，赶稿神器，副作用是有点心慌。","香气浓郁的手冲咖啡礼盒，赶稿神器，副作用是有点心慌。","香气浓郁的手冲咖啡礼盒，赶稿神器，副作用是有点心慌。","香气浓郁的手冲咖啡礼盒，赶稿神器，副作用是有点心慌。","香气浓郁的手冲咖啡礼盒，赶稿神器，副作用是有点心慌。",,,,,,,,,,,
"160003Text",,"手感温润的复古钢笔，落笔的瞬间思路格外清晰。","手感温润的复古钢笔，落笔的瞬间思路格外清晰。","手感温润的复古钢笔，落笔的瞬间思路格外清晰。","手感温润的复古钢笔，落笔的瞬间思路格外清晰。","手感温润的复古钢笔，落笔的瞬间思路格外清晰。","手感温润的复古钢笔，落笔的瞬间思路格外清晰。","手感温润的复古钢笔，落笔的瞬间思路格外清晰。",,,,,,,,,,,
"160004Text",,"两天一夜的温泉旅行券，泡进汤里，压力全化在雾气中。","两天一夜的温泉旅行券，泡进汤里，压力全化在雾气中。","两天一夜的温泉旅行券，泡进汤里，压力全化在雾气中。","两天一夜的温泉旅行券，泡进汤里，压力全化在雾气中。","两天一夜的温泉旅行券，泡进汤里，压力全化在雾气中。","两天一夜的温泉旅行券，泡进汤里，压力全化在雾气中。","两天一夜的温泉旅行券，泡进汤里，压力全化在雾气中。",,,,,,,,,,,
"160005Text",,"会在天花板投出整片星海的夜灯，看着就安心又有灵感。","会在天花板投出整片星海的夜灯，看着就安心又有灵感。","会在天花板投出整片星海的夜灯，看着就安心又有灵感。","会在天花板投出整片星海的夜灯，看着就安心又有灵感。","会在天花板投出整片星海的夜灯，看着就安心又有灵感。","会在天花板投出整片星海的夜灯，看着就安心又有灵感。","会在天花板投出整片星海的夜灯，看着就安心又有灵感。",,,,,,,,,,,
