FrameId,StickerId,ResultId,Remark
210000,200000,400000,星野休憩徽章
210000,200001,400001,晚风橘绘徽章
210000,200002,400002,窗边白笺徽章
210000,200003,400003,青空信约徽章
210000,200004,400004,樱花私语徽章
210000,200005,400005,星轨魔导徽章
210000,200006,400006,雾境魔女徽章
210000,200007,400007,月光咒印徽章
210000,200008,400008,冰晶灵使徽章
210000,200009,400009,云间神谕徽章
210000,200010,400010,课间碎光徽章
210000,200011,400011,校服晚风徽章
210000,200012,400012,操场落日徽章
210000,200013,400013,图书馆秘思徽章
210000,200014,400014,天台告白徽章
210000,200015,400015,月下青衫徽章
210000,200016,400016,桃枝执扇徽章
210000,200017,400017,山河辞赋徽章
210000,200018,400018,云袖清欢徽章
210000,200019,400019,灯影红笺徽章
210000,200020,400020,霓虹战姬徽章
210000,200021,400021,深空巡卫徽章
210000,200022,400022,机甲星旅徽章
210000,200023,400023,雨夜刃影徽章
210000,200024,400024,虚空战歌徽章
210000,200025,400025,猫屿午后徽章
210000,200026,400026,雪落狐踪徽章
210000,200027,400027,深海人鱼徽章
210000,200028,400028,林间萤火徽章
210000,200029,400029,浅海碎浪徽章
210001,200000,401000,星野休憩画册
210001,200001,401001,晚风橘绘画册
210001,200002,401002,窗边白笺画册
210001,200003,401003,青空信约画册
210001,200004,401004,樱花私语画册
210001,200005,401005,星轨魔导画册
210001,200006,401006,雾境魔女画册
210001,200007,401007,月光咒印画册
210001,200008,401008,冰晶灵使画册
210001,200009,401009,云间神谕画册
210001,200010,401010,课间碎光画册
210001,200011,401011,校服晚风画册
210001,200012,401012,操场落日画册
210001,200013,401013,图书馆秘思画册
210001,200014,401014,天台告白画册
210001,200015,401015,月下青衫画册
210001,200016,401016,桃枝执扇画册
210001,200017,401017,山河辞赋画册
210001,200018,401018,云袖清欢画册
210001,200019,401019,灯影红笺画册
210001,200020,401020,霓虹战姬画册
210001,200021,401021,深空巡卫画册
210001,200022,401022,机甲星旅画册
210001,200023,401023,雨夜刃影画册
210001,200024,401024,虚空战歌画册
210001,200025,401025,猫屿午后画册
210001,200026,401026,雪落狐踪画册
210001,200027,401027,深海人鱼画册
210001,200028,401028,林间萤火画册
210001,200029,401029,浅海碎浪画册
210002,200000,402000,星野休憩抱枕
210002,200001,402001,晚风橘绘抱枕
210002,200002,402002,窗边白笺抱枕
210002,200003,402003,青空信约抱枕
210002,200004,402004,樱花私语抱枕
210002,200005,402005,星轨魔导抱枕
210002,200006,402006,雾境魔女抱枕
210002,200007,402007,月光咒印抱枕
210002,200008,402008,冰晶灵使抱枕
210002,200009,402009,云间神谕抱枕
210002,200010,402010,课间碎光抱枕
210002,200011,402011,校服晚风抱枕
210002,200012,402012,操场落日抱枕
210002,200013,402013,图书馆秘思抱枕
210002,200014,402014,天台告白抱枕
210002,200015,402015,月下青衫抱枕
210002,200016,402016,桃枝执扇抱枕
210002,200017,402017,山河辞赋抱枕
210002,200018,402018,云袖清欢抱枕
210002,200019,402019,灯影红笺抱枕
210002,200020,402020,霓虹战姬抱枕
210002,200021,402021,深空巡卫抱枕
210002,200022,402022,机甲星旅抱枕
210002,200023,402023,雨夜刃影抱枕
210002,200024,402024,虚空战歌抱枕
210002,200025,402025,猫屿午后抱枕
210002,200026,402026,雪落狐踪抱枕
210002,200027,402027,深海人鱼抱枕
210002,200028,402028,林间萤火抱枕
210002,200029,402029,浅海碎浪抱枕
210003,200000,403000,星野休憩毯子
210003,200001,403001,晚风橘绘毯子
210003,200002,403002,窗边白笺毯子
210003,200003,403003,青空信约毯子
210003,200004,403004,樱花私语毯子
210003,200005,403005,星轨魔导毯子
210003,200006,403006,雾境魔女毯子
210003,200007,403007,月光咒印毯子
210003,200008,403008,冰晶灵使毯子
210003,200009,403009,云间神谕毯子
210003,200010,403010,课间碎光毯子
210003,200011,403011,校服晚风毯子
210003,200012,403012,操场落日毯子
210003,200013,403013,图书馆秘思毯子
210003,200014,403014,天台告白毯子
210003,200015,403015,月下青衫毯子
210003,200016,403016,桃枝执扇毯子
210003,200017,403017,山河辞赋毯子
210003,200018,403018,云袖清欢毯子
210003,200019,403019,灯影红笺毯子
210003,200020,403020,霓虹战姬毯子
210003,200021,403021,深空巡卫毯子
210003,200022,403022,机甲星旅毯子
210003,200023,403023,雨夜刃影毯子
210003,200024,403024,虚空战歌毯子
210003,200025,403025,猫屿午后毯子
210003,200026,403026,雪落狐踪毯子
210003,200027,403027,深海人鱼毯子
210003,200028,403028,林间萤火毯子
210003,200029,403029,浅海碎浪毯子
210004,200000,404000,星野休憩立牌
210004,200001,404001,晚风橘绘立牌
210004,200002,404002,窗边白笺立牌
210004,200003,404003,青空信约立牌
210004,200004,404004,樱花私语立牌
210004,200005,404005,星轨魔导立牌
210004,200006,404006,雾境魔女立牌
210004,200007,404007,月光咒印立牌
210004,200008,404008,冰晶灵使立牌
210004,200009,404009,云间神谕立牌
210004,200010,404010,课间碎光立牌
210004,200011,404011,校服晚风立牌
210004,200012,404012,操场落日立牌
210004,200013,404013,图书馆秘思立牌
210004,200014,404014,天台告白立牌
210004,200015,404015,月下青衫立牌
210004,200016,404016,桃枝执扇立牌
210004,200017,404017,山河辞赋立牌
210004,200018,404018,云袖清欢立牌
210004,200019,404019,灯影红笺立牌
210004,200020,404020,霓虹战姬立牌
210004,200021,404021,深空巡卫立牌
210004,200022,404022,机甲星旅立牌
210004,200023,404023,雨夜刃影立牌
210004,200024,404024,虚空战歌立牌
210004,200025,404025,猫屿午后立牌
210004,200026,404026,雪落狐踪立牌
210004,200027,404027,深海人鱼立牌
210004,200028,404028,林间萤火立牌
210004,200029,404029,浅海碎浪立牌
210005,200000,405000,星野休憩明信片
210005,200001,405001,晚风橘绘明信片
210005,200002,405002,窗边白笺明信片
210005,200003,405003,青空信约明信片
210005,200004,405004,樱花私语明信片
210005,200005,405005,星轨魔导明信片
210005,200006,405006,雾境魔女明信片
210005,200007,405007,月光咒印明信片
210005,200008,405008,冰晶灵使明信片
210005,200009,405009,云间神谕明信片
210005,200010,405010,课间碎光明信片
210005,200011,405011,校服晚风明信片
210005,200012,405012,操场落日明信片
210005,200013,405013,图书馆秘思明信片
210005,200014,405014,天台告白明信片
210005,200015,405015,月下青衫明信片
210005,200016,405016,桃枝执扇明信片
210005,200017,405017,山河辞赋明信片
210005,200018,405018,云袖清欢明信片
210005,200019,405019,灯影红笺明信片
210005,200020,405020,霓虹战姬明信片
210005,200021,405021,深空巡卫明信片
210005,200022,405022,机甲星旅明信片
210005,200023,405023,雨夜刃影明信片
210005,200024,405024,虚空战歌明信片
210005,200025,405025,猫屿午后明信片
210005,200026,405026,雪落狐踪明信片
210005,200027,405027,深海人鱼明信片
210005,200028,405028,林间萤火明信片
210005,200029,405029,浅海碎浪明信片
210006,200000,406000,星野休憩帆布包
210006,200001,406001,晚风橘绘帆布包
210006,200002,406002,窗边白笺帆布包
210006,200003,406003,青空信约帆布包
210006,200004,406004,樱花私语帆布包
210006,200005,406005,星轨魔导帆布包
210006,200006,406006,雾境魔女帆布包
210006,200007,406007,月光咒印帆布包
210006,200008,406008,冰晶灵使帆布包
210006,200009,406009,云间神谕帆布包
210006,200010,406010,课间碎光帆布包
210006,200011,406011,校服晚风帆布包
210006,200012,406012,操场落日帆布包
210006,200013,406013,图书馆秘思帆布包
210006,200014,406014,天台告白帆布包
210006,200015,406015,月下青衫帆布包
210006,200016,406016,桃枝执扇帆布包
210006,200017,406017,山河辞赋帆布包
210006,200018,406018,云袖清欢帆布包
210006,200019,406019,灯影红笺帆布包
210006,200020,406020,霓虹战姬帆布包
210006,200021,406021,深空巡卫帆布包
210006,200022,406022,机甲星旅帆布包
210006,200023,406023,雨夜刃影帆布包
210006,200024,406024,虚空战歌帆布包
210006,200025,406025,猫屿午后帆布包
210006,200026,406026,雪落狐踪帆布包
210006,200027,406027,深海人鱼帆布包
210006,200028,406028,林间萤火帆布包
210006,200029,406029,浅海碎浪帆布包
210007,200000,407000,星野休憩文件夹
210007,200001,407001,晚风橘绘文件夹
210007,200002,407002,窗边白笺文件夹
210007,200003,407003,青空信约文件夹
210007,200004,407004,樱花私语文件夹
210007,200005,407005,星轨魔导文件夹
210007,200006,407006,雾境魔女文件夹
210007,200007,407007,月光咒印文件夹
210007,200008,407008,冰晶灵使文件夹
210007,200009,407009,云间神谕文件夹
210007,200010,407010,课间碎光文件夹
210007,200011,407011,校服晚风文件夹
210007,200012,407012,操场落日文件夹
210007,200013,407013,图书馆秘思文件夹
210007,200014,407014,天台告白文件夹
210007,200015,407015,月下青衫文件夹
210007,200016,407016,桃枝执扇文件夹
210007,200017,407017,山河辞赋文件夹
210007,200018,407018,云袖清欢文件夹
210007,200019,407019,灯影红笺文件夹
210007,200020,407020,霓虹战姬文件夹
210007,200021,407021,深空巡卫文件夹
210007,200022,407022,机甲星旅文件夹
210007,200023,407023,雨夜刃影文件夹
210007,200024,407024,虚空战歌文件夹
210007,200025,407025,猫屿午后文件夹
210007,200026,407026,雪落狐踪文件夹
210007,200027,407027,深海人鱼文件夹
210007,200028,407028,林间萤火文件夹
210007,200029,407029,浅海碎浪文件夹
210008,200000,408000,星野休憩挂轴
210008,200001,408001,晚风橘绘挂轴
210008,200002,408002,窗边白笺挂轴
210008,200003,408003,青空信约挂轴
210008,200004,408004,樱花私语挂轴
210008,200005,408005,星轨魔导挂轴
210008,200006,408006,雾境魔女挂轴
210008,200007,408007,月光咒印挂轴
210008,200008,408008,冰晶灵使挂轴
210008,200009,408009,云间神谕挂轴
210008,200010,408010,课间碎光挂轴
210008,200011,408011,校服晚风挂轴
210008,200012,408012,操场落日挂轴
210008,200013,408013,图书馆秘思挂轴
210008,200014,408014,天台告白挂轴
210008,200015,408015,月下青衫挂轴
210008,200016,408016,桃枝执扇挂轴
210008,200017,408017,山河辞赋挂轴
210008,200018,408018,云袖清欢挂轴
210008,200019,408019,灯影红笺挂轴
210008,200020,408020,霓虹战姬挂轴
210008,200021,408021,深空巡卫挂轴
210008,200022,408022,机甲星旅挂轴
210008,200023,408023,雨夜刃影挂轴
210008,200024,408024,虚空战歌挂轴
210008,200025,408025,猫屿午后挂轴
210008,200026,408026,雪落狐踪挂轴
210008,200027,408027,深海人鱼挂轴
210008,200028,408028,林间萤火挂轴
210008,200029,408029,浅海碎浪挂轴
210009,200000,409000,星野休憩海报
210009,200001,409001,晚风橘绘海报
210009,200002,409002,窗边白笺海报
210009,200003,409003,青空信约海报
210009,200004,409004,樱花私语海报
210009,200005,409005,星轨魔导海报
210009,200006,409006,雾境魔女海报
210009,200007,409007,月光咒印海报
210009,200008,409008,冰晶灵使海报
210009,200009,409009,云间神谕海报
210009,200010,409010,课间碎光海报
210009,200011,409011,校服晚风海报
210009,200012,409012,操场落日海报
210009,200013,409013,图书馆秘思海报
210009,200014,409014,天台告白海报
210009,200015,409015,月下青衫海报
210009,200016,409016,桃枝执扇海报
210009,200017,409017,山河辞赋海报
210009,200018,409018,云袖清欢海报
210009,200019,409019,灯影红笺海报
210009,200020,409020,霓虹战姬海报
210009,200021,409021,深空巡卫海报
210009,200022,409022,机甲星旅海报
210009,200023,409023,雨夜刃影海报
210009,200024,409024,虚空战歌海报
210009,200025,409025,猫屿午后海报
210009,200026,409026,雪落狐踪海报
210009,200027,409027,深海人鱼海报
210009,200028,409028,林间萤火海报
210009,200029,409029,浅海碎浪海报
210010,200000,410000,星野休憩镭射票
210010,200001,410001,晚风橘绘镭射票
210010,200002,410002,窗边白笺镭射票
210010,200003,410003,青空信约镭射票
210010,200004,410004,樱花私语镭射票
210010,200005,410005,星轨魔导镭射票
210010,200006,410006,雾境魔女镭射票
210010,200007,410007,月光咒印镭射票
210010,200008,410008,冰晶灵使镭射票
210010,200009,410009,云间神谕镭射票
210010,200010,410010,课间碎光镭射票
210010,200011,410011,校服晚风镭射票
210010,200012,410012,操场落日镭射票
210010,200013,410013,图书馆秘思镭射票
210010,200014,410014,天台告白镭射票
210010,200015,410015,月下青衫镭射票
210010,200016,410016,桃枝执扇镭射票
210010,200017,410017,山河辞赋镭射票
210010,200018,410018,云袖清欢镭射票
210010,200019,410019,灯影红笺镭射票
210010,200020,410020,霓虹战姬镭射票
210010,200021,410021,深空巡卫镭射票
210010,200022,410022,机甲星旅镭射票
210010,200023,410023,雨夜刃影镭射票
210010,200024,410024,虚空战歌镭射票
210010,200025,410025,猫屿午后镭射票
210010,200026,410026,雪落狐踪镭射票
210010,200027,410027,深海人鱼镭射票
210010,200028,410028,林间萤火镭射票
210010,200029,410029,浅海碎浪镭射票
210011,200000,411000,星野休憩手机壳
210011,200001,411001,晚风橘绘手机壳
210011,200002,411002,窗边白笺手机壳
210011,200003,411003,青空信约手机壳
210011,200004,411004,樱花私语手机壳
210011,200005,411005,星轨魔导手机壳
210011,200006,411006,雾境魔女手机壳
210011,200007,411007,月光咒印手机壳
210011,200008,411008,冰晶灵使手机壳
210011,200009,411009,云间神谕手机壳
210011,200010,411010,课间碎光手机壳
210011,200011,411011,校服晚风手机壳
210011,200012,411012,操场落日手机壳
210011,200013,411013,图书馆秘思手机壳
210011,200014,411014,天台告白手机壳
210011,200015,411015,月下青衫手机壳
210011,200016,411016,桃枝执扇手机壳
210011,200017,411017,山河辞赋手机壳
210011,200018,411018,云袖清欢手机壳
210011,200019,411019,灯影红笺手机壳
210011,200020,411020,霓虹战姬手机壳
210011,200021,411021,深空巡卫手机壳
210011,200022,411022,机甲星旅手机壳
210011,200023,411023,雨夜刃影手机壳
210011,200024,411024,虚空战歌手机壳
210011,200025,411025,猫屿午后手机壳
210011,200026,411026,雪落狐踪手机壳
210011,200027,411027,深海人鱼手机壳
210011,200028,411028,林间萤火手机壳
210011,200029,411029,浅海碎浪手机壳
210012,200000,412000,星野休憩贴纸
210012,200001,412001,晚风橘绘贴纸
210012,200002,412002,窗边白笺贴纸
210012,200003,412003,青空信约贴纸
210012,200004,412004,樱花私语贴纸
210012,200005,412005,星轨魔导贴纸
210012,200006,412006,雾境魔女贴纸
210012,200007,412007,月光咒印贴纸
210012,200008,412008,冰晶灵使贴纸
210012,200009,412009,云间神谕贴纸
210012,200010,412010,课间碎光贴纸
210012,200011,412011,校服晚风贴纸
210012,200012,412012,操场落日贴纸
210012,200013,412013,图书馆秘思贴纸
210012,200014,412014,天台告白贴纸
210012,200015,412015,月下青衫贴纸
210012,200016,412016,桃枝执扇贴纸
210012,200017,412017,山河辞赋贴纸
210012,200018,412018,云袖清欢贴纸
210012,200019,412019,灯影红笺贴纸
210012,200020,412020,霓虹战姬贴纸
210012,200021,412021,深空巡卫贴纸
210012,200022,412022,机甲星旅贴纸
210012,200023,412023,雨夜刃影贴纸
210012,200024,412024,虚空战歌贴纸
210012,200025,412025,猫屿午后贴纸
210012,200026,412026,雪落狐踪贴纸
210012,200027,412027,深海人鱼贴纸
210012,200028,412028,林间萤火贴纸
210012,200029,412029,浅海碎浪贴纸
210013,200000,413000,星野休憩本子
210013,200001,413001,晚风橘绘本子
210013,200002,413002,窗边白笺本子
210013,200003,413003,青空信约本子
210013,200004,413004,樱花私语本子
210013,200005,413005,星轨魔导本子
210013,200006,413006,雾境魔女本子
210013,200007,413007,月光咒印本子
210013,200008,413008,冰晶灵使本子
210013,200009,413009,云间神谕本子
210013,200010,413010,课间碎光本子
210013,200011,413011,校服晚风本子
210013,200012,413012,操场落日本子
210013,200013,413013,图书馆秘思本子
210013,200014,413014,天台告白本子
210013,200015,413015,月下青衫本子
210013,200016,413016,桃枝执扇本子
210013,200017,413017,山河辞赋本子
210013,200018,413018,云袖清欢本子
210013,200019,413019,灯影红笺本子
210013,200020,413020,霓虹战姬本子
210013,200021,413021,深空巡卫本子
210013,200022,413022,机甲星旅本子
210013,200023,413023,雨夜刃影本子
210013,200024,413024,虚空战歌本子
210013,200025,413025,猫屿午后本子
210013,200026,413026,雪落狐踪本子
210013,200027,413027,深海人鱼本子
210013,200028,413028,林间萤火本子
210013,200029,413029,浅海碎浪本子
210014,200000,414000,星野休憩钥匙扣
210014,200001,414001,晚风橘绘钥匙扣
210014,200002,414002,窗边白笺钥匙扣
210014,200003,414003,青空信约钥匙扣
210014,200004,414004,樱花私语钥匙扣
210014,200005,414005,星轨魔导钥匙扣
210014,200006,414006,雾境魔女钥匙扣
210014,200007,414007,月光咒印钥匙扣
210014,200008,414008,冰晶灵使钥匙扣
210014,200009,414009,云间神谕钥匙扣
210014,200010,414010,课间碎光钥匙扣
210014,200011,414011,校服晚风钥匙扣
210014,200012,414012,操场落日钥匙扣
210014,200013,414013,图书馆秘思钥匙扣
210014,200014,414014,天台告白钥匙扣
210014,200015,414015,月下青衫钥匙扣
210014,200016,414016,桃枝执扇钥匙扣
210014,200017,414017,山河辞赋钥匙扣
210014,200018,414018,云袖清欢钥匙扣
210014,200019,414019,灯影红笺钥匙扣
210014,200020,414020,霓虹战姬钥匙扣
210014,200021,414021,深空巡卫钥匙扣
210014,200022,414022,机甲星旅钥匙扣
210014,200023,414023,雨夜刃影钥匙扣
210014,200024,414024,虚空战歌钥匙扣
210014,200025,414025,猫屿午后钥匙扣
210014,200026,414026,雪落狐踪钥匙扣
210014,200027,414027,深海人鱼钥匙扣
210014,200028,414028,林间萤火钥匙扣
210014,200029,414029,浅海碎浪钥匙扣
210015,200000,415000,星野休憩T-恤
210015,200001,415001,晚风橘绘T-恤
210015,200002,415002,窗边白笺T-恤
210015,200003,415003,青空信约T-恤
210015,200004,415004,樱花私语T-恤
210015,200005,415005,星轨魔导T-恤
210015,200006,415006,雾境魔女T-恤
210015,200007,415007,月光咒印T-恤
210015,200008,415008,冰晶灵使T-恤
210015,200009,415009,云间神谕T-恤
210015,200010,415010,课间碎光T-恤
210015,200011,415011,校服晚风T-恤
210015,200012,415012,操场落日T-恤
210015,200013,415013,图书馆秘思T-恤
210015,200014,415014,天台告白T-恤
210015,200015,415015,月下青衫T-恤
210015,200016,415016,桃枝执扇T-恤
210015,200017,415017,山河辞赋T-恤
210015,200018,415018,云袖清欢T-恤
210015,200019,415019,灯影红笺T-恤
210015,200020,415020,霓虹战姬T-恤
210015,200021,415021,深空巡卫T-恤
210015,200022,415022,机甲星旅T-恤
210015,200023,415023,雨夜刃影T-恤
210015,200024,415024,虚空战歌T-恤
210015,200025,415025,猫屿午后T-恤
210015,200026,415026,雪落狐踪T-恤
210015,200027,415027,深海人鱼T-恤
210015,200028,415028,林间萤火T-恤
210015,200029,415029,浅海碎浪T-恤
